Suite/Test/Step Name,Browser,Description,Tag,Start time,End time,Duration,Status
testsuite,Chrome 136.0.7103.114,,,17-05-2025 16:52:06,17-05-2025 16:54:18,2m - 12.480s,FAILED
,,,,,,,
Test Cases/Login,Chrome 136.0.7103.114,,,17-05-2025 16:52:07,17-05-2025 16:52:27,19.879s,PASSED
"DATA BINDING - {""expected_msg"":""Admin Example"",""password"":""123456"",""username"":""admin@example.com""}",,,,,,,
"openBrowser(""https://cms.anhtester.com/login"")",Chrome 136.0.7103.114,,,17-05-2025 16:52:07,17-05-2025 16:52:14,6.407s,PASSED
maximizeWindow(),Chrome 136.0.7103.114,,,17-05-2025 16:52:14,17-05-2025 16:52:14,0.551s,PASSED
"setText(findTestObject(""Page_Active eCommerce CMS  Anh Tester Demo/input_Welcome to Active eCommerce CMS_email""), username)",Chrome 136.0.7103.114,,,17-05-2025 16:52:14,17-05-2025 16:52:16,1.920s,PASSED
"setText(findTestObject(""Page_Active eCommerce CMS  Anh Tester Demo/input_Welcome to Active eCommerce CMS_password""), password)",Chrome 136.0.7103.114,,,17-05-2025 16:52:16,17-05-2025 16:52:17,0.812s,PASSED
"click(findTestObject(""Page_Active eCommerce CMS  Anh Tester Demo/span_Remember Me""))",Chrome 136.0.7103.114,,,17-05-2025 16:52:17,17-05-2025 16:52:17,0.393s,PASSED
"click(findTestObject(""Page_Active eCommerce CMS  Anh Tester Demo/button_Login""))",Chrome 136.0.7103.114,,,17-05-2025 16:52:17,17-05-2025 16:52:20,2.106s,PASSED
delay(3),Chrome 136.0.7103.114,,,17-05-2025 16:52:20,17-05-2025 16:52:23,3.195s,PASSED
"verifyTextPresent(expected_msg, false)",Chrome 136.0.7103.114,,,17-05-2025 16:52:23,17-05-2025 16:52:24,0.979s,PASSED
closeBrowser(),Chrome 136.0.7103.114,,,17-05-2025 16:52:24,17-05-2025 16:52:27,2.776s,PASSED
,,,,,,,
Test Cases/Login,Chrome 136.0.7103.114,,,17-05-2025 16:52:27,17-05-2025 16:52:36,9.345s,PASSED
"DATA BINDING - {""expected_msg"":""Invalid login credentials"",""password"":""123"",""username"":""admin@example.com""}",,,,,,,
"openBrowser(""https://cms.anhtester.com/login"")",Chrome 136.0.7103.114,,,17-05-2025 16:52:27,17-05-2025 16:52:29,2.582s,PASSED
maximizeWindow(),Chrome 136.0.7103.114,,,17-05-2025 16:52:29,17-05-2025 16:52:30,0.445s,PASSED
"setText(findTestObject(""Page_Active eCommerce CMS  Anh Tester Demo/input_Welcome to Active eCommerce CMS_email""), username)",Chrome 136.0.7103.114,,,17-05-2025 16:52:30,17-05-2025 16:52:30,0.846s,PASSED
"setText(findTestObject(""Page_Active eCommerce CMS  Anh Tester Demo/input_Welcome to Active eCommerce CMS_password""), password)",Chrome 136.0.7103.114,,,17-05-2025 16:52:30,17-05-2025 16:52:31,0.625s,PASSED
"click(findTestObject(""Page_Active eCommerce CMS  Anh Tester Demo/span_Remember Me""))",Chrome 136.0.7103.114,,,17-05-2025 16:52:31,17-05-2025 16:52:31,0.338s,PASSED
"click(findTestObject(""Page_Active eCommerce CMS  Anh Tester Demo/button_Login""))",Chrome 136.0.7103.114,,,17-05-2025 16:52:31,17-05-2025 16:52:32,0.877s,PASSED
delay(3),Chrome 136.0.7103.114,,,17-05-2025 16:52:32,17-05-2025 16:52:35,3.011s,PASSED
"verifyTextPresent(expected_msg, false)",Chrome 136.0.7103.114,,,17-05-2025 16:52:35,17-05-2025 16:52:36,0.280s,PASSED
closeBrowser(),Chrome 136.0.7103.114,,,17-05-2025 16:52:36,17-05-2025 16:52:36,0.303s,PASSED
,,,,,,,
Test Cases/Login,Chrome 136.0.7103.114,,,17-05-2025 16:52:36,17-05-2025 16:52:46,10.276s,PASSED
"DATA BINDING - {""expected_msg"":""Invalid login credentials"",""password"":""123456"",""username"":""test@example.com""}",,,,,,,
"openBrowser(""https://cms.anhtester.com/login"")",Chrome 136.0.7103.114,,,17-05-2025 16:52:36,17-05-2025 16:52:40,3.816s,PASSED
maximizeWindow(),Chrome 136.0.7103.114,,,17-05-2025 16:52:40,17-05-2025 16:52:40,0.061s,PASSED
"setText(findTestObject(""Page_Active eCommerce CMS  Anh Tester Demo/input_Welcome to Active eCommerce CMS_email""), username)",Chrome 136.0.7103.114,,,17-05-2025 16:52:40,17-05-2025 16:52:41,0.770s,PASSED
"setText(findTestObject(""Page_Active eCommerce CMS  Anh Tester Demo/input_Welcome to Active eCommerce CMS_password""), password)",Chrome 136.0.7103.114,,,17-05-2025 16:52:41,17-05-2025 16:52:41,0.608s,PASSED
"click(findTestObject(""Page_Active eCommerce CMS  Anh Tester Demo/span_Remember Me""))",Chrome 136.0.7103.114,,,17-05-2025 16:52:41,17-05-2025 16:52:42,0.359s,PASSED
"click(findTestObject(""Page_Active eCommerce CMS  Anh Tester Demo/button_Login""))",Chrome 136.0.7103.114,,,17-05-2025 16:52:42,17-05-2025 16:52:43,1.054s,PASSED
delay(3),Chrome 136.0.7103.114,,,17-05-2025 16:52:43,17-05-2025 16:52:46,3.018s,PASSED
"verifyTextPresent(expected_msg, false)",Chrome 136.0.7103.114,,,17-05-2025 16:52:46,17-05-2025 16:52:46,0.275s,PASSED
closeBrowser(),Chrome 136.0.7103.114,,,17-05-2025 16:52:46,17-05-2025 16:52:46,0.291s,PASSED
,,,,,,,
Test Cases/Login,Chrome 136.0.7103.114,,,17-05-2025 16:53:14,17-05-2025 16:53:24,9.284s,FAILED
"DATA BINDING - {""(Default) usern..."":"""",""expected_msg"":""Please fill out this field"",""password"":""123456""}",,,,,,,
"openBrowser(""https://cms.anhtester.com/login"")",Chrome 136.0.7103.114,,,17-05-2025 16:53:14,17-05-2025 16:53:18,3.228s,PASSED
maximizeWindow(),Chrome 136.0.7103.114,,,17-05-2025 16:53:18,17-05-2025 16:53:18,0.064s,PASSED
"setText(findTestObject(""Page_Active eCommerce CMS  Anh Tester Demo/input_Welcome to Active eCommerce CMS_email""), username)",Chrome 136.0.7103.114,,,17-05-2025 16:53:18,17-05-2025 16:53:18,0.750s,PASSED
"setText(findTestObject(""Page_Active eCommerce CMS  Anh Tester Demo/input_Welcome to Active eCommerce CMS_password""), password)",Chrome 136.0.7103.114,,,17-05-2025 16:53:18,17-05-2025 16:53:19,0.633s,PASSED
"click(findTestObject(""Page_Active eCommerce CMS  Anh Tester Demo/span_Remember Me""))",Chrome 136.0.7103.114,,,17-05-2025 16:53:19,17-05-2025 16:53:19,0.516s,PASSED
"click(findTestObject(""Page_Active eCommerce CMS  Anh Tester Demo/button_Login""))",Chrome 136.0.7103.114,,,17-05-2025 16:53:19,17-05-2025 16:53:20,0.381s,PASSED
delay(3),Chrome 136.0.7103.114,,,17-05-2025 16:53:20,17-05-2025 16:53:23,3.015s,PASSED
"verifyTextPresent(expected_msg, false)",Chrome 136.0.7103.114,,,17-05-2025 16:53:23,17-05-2025 16:53:24,0.644s,FAILED
,,,,,,,
Test Cases/Login,Chrome 136.0.7103.114,,,17-05-2025 16:54:09,17-05-2025 16:54:18,9.162s,FAILED
"DATA BINDING - {""expected_msg"":""Please fill out this field"",""(Default) passw..."":"""",""username"":""admin@example.com""}",,,,,,,
"openBrowser(""https://cms.anhtester.com/login"")",Chrome 136.0.7103.114,,,17-05-2025 16:54:09,17-05-2025 16:54:12,3.333s,PASSED
maximizeWindow(),Chrome 136.0.7103.114,,,17-05-2025 16:54:12,17-05-2025 16:54:12,0.081s,PASSED
"setText(findTestObject(""Page_Active eCommerce CMS  Anh Tester Demo/input_Welcome to Active eCommerce CMS_email""), username)",Chrome 136.0.7103.114,,,17-05-2025 16:54:12,17-05-2025 16:54:13,0.746s,PASSED
"setText(findTestObject(""Page_Active eCommerce CMS  Anh Tester Demo/input_Welcome to Active eCommerce CMS_password""), password)",Chrome 136.0.7103.114,,,17-05-2025 16:54:13,17-05-2025 16:54:13,0.596s,PASSED
"click(findTestObject(""Page_Active eCommerce CMS  Anh Tester Demo/span_Remember Me""))",Chrome 136.0.7103.114,,,17-05-2025 16:54:13,17-05-2025 16:54:14,0.440s,PASSED
"click(findTestObject(""Page_Active eCommerce CMS  Anh Tester Demo/button_Login""))",Chrome 136.0.7103.114,,,17-05-2025 16:54:14,17-05-2025 16:54:14,0.350s,PASSED
delay(3),Chrome 136.0.7103.114,,,17-05-2025 16:54:14,17-05-2025 16:54:17,3.012s,PASSED
"verifyTextPresent(expected_msg, false)",Chrome 136.0.7103.114,,,17-05-2025 16:54:17,17-05-2025 16:54:18,0.498s,FAILED
