Suite/Test/Step Name,Browser,Description,Tag,Start time,End time,Duration,Status
Brand,Chrome 136.0.7103.114,,,22-05-2025 16:37:43,22-05-2025 16:42:20,4m - 36.316s,FAILED
,,,,,,,
Test Cases/Brand,Chrome 136.0.7103.114,,,22-05-2025 16:37:44,22-05-2025 16:38:29,44.857s,PASSED
"DATA BINDING - {""password"":""123456"",""search"":""nhan"",""meta_title"":""abc"",""name"":""nhan"",""message"":""Brand has been inserted successfully"",""meta_descriptio..."":""abc"",""email"":""admin@example.com""}",,,,,,,
"openBrowser(""https://cms.anhtester.com/login"")",Chrome 136.0.7103.114,,,22-05-2025 16:37:45,22-05-2025 16:38:00,15.379s,PASSED
"setText(findTestObject(""Page_Active eCommerce CMS  Anh Tester Demo/input_email""), email)",Chrome 136.0.7103.114,,,22-05-2025 16:38:00,22-05-2025 16:38:03,2.625s,PASSED
"setText(findTestObject(""Page_Active eCommerce CMS  Anh Tester Demo/input_password""), password)",Chrome 136.0.7103.114,,,22-05-2025 16:38:03,22-05-2025 16:38:06,3.157s,PASSED
"click(findTestObject(""Page_Active eCommerce CMS  Anh Tester Demo/check""))",Chrome 136.0.7103.114,,,22-05-2025 16:38:06,22-05-2025 16:38:07,1.143s,PASSED
"click(findTestObject(""Page_Active eCommerce CMS  Anh Tester Demo/button_Login""))",Chrome 136.0.7103.114,,,22-05-2025 16:38:07,22-05-2025 16:38:09,2.195s,PASSED
delay(3),Chrome 136.0.7103.114,,,22-05-2025 16:38:09,22-05-2025 16:38:12,3.066s,PASSED
"click(findTestObject(""Page_Active eCommerce CMS  Anh Tester Demo/menu""))",Chrome 136.0.7103.114,,,22-05-2025 16:38:12,22-05-2025 16:38:13,0.867s,PASSED
"click(findTestObject(""Page_Active eCommerce CMS  Anh Tester Demo/span_Products""))",Chrome 136.0.7103.114,,,22-05-2025 16:38:13,22-05-2025 16:38:15,1.387s,PASSED
"click(findTestObject(""Page_Active eCommerce CMS  Anh Tester Demo/span_Brand""))",Chrome 136.0.7103.114,,,22-05-2025 16:38:15,22-05-2025 16:38:17,2.392s,PASSED
"setText(findTestObject(""Page_Active eCommerce CMS  Anh Tester Demo/input_name""), name)",Chrome 136.0.7103.114,,,22-05-2025 16:38:17,22-05-2025 16:38:19,2.288s,PASSED
"setText(findTestObject(""Page_Active eCommerce CMS  Anh Tester Demo/input_meta_title""), meta_title)",Chrome 136.0.7103.114,,,22-05-2025 16:38:19,22-05-2025 16:38:21,1.086s,PASSED
"setText(findTestObject(""Page_Active eCommerce CMS  Anh Tester Demo/textarea_description""), meta_description)",Chrome 136.0.7103.114,,,22-05-2025 16:38:21,22-05-2025 16:38:22,1.410s,PASSED
"click(findTestObject(""Page_Active eCommerce CMS  Anh Tester Demo/button_Save""))",Chrome 136.0.7103.114,,,22-05-2025 16:38:22,22-05-2025 16:38:23,1.396s,PASSED
delay(3),Chrome 136.0.7103.114,,,22-05-2025 16:38:23,22-05-2025 16:38:26,3.018s,PASSED
"setText(findTestObject(""Page_Active eCommerce CMS  Anh Tester Demo/input_Brands_search""), search)",Chrome 136.0.7103.114,,,22-05-2025 16:38:26,22-05-2025 16:38:28,1.171s,PASSED
"verifyTextPresent(message, false)",Chrome 136.0.7103.114,,,22-05-2025 16:38:28,22-05-2025 16:38:28,0.686s,PASSED
closeBrowser(),Chrome 136.0.7103.114,,,22-05-2025 16:38:28,22-05-2025 16:38:29,0.925s,PASSED
,,,,,,,
Test Cases/Brand,Chrome 136.0.7103.114,,,22-05-2025 16:39:18,22-05-2025 16:39:41,23.752s,PASSED
"DATA BINDING - {""password"":""123456"",""search"":""diuanh"",""name"":""diuanh"",""(Default) meta_..."":"""",""message"":""Brand has been inserted successfully"",""email"":""admin@example.com""}",,,,,,,
"openBrowser(""https://cms.anhtester.com/login"")",Chrome 136.0.7103.114,,,22-05-2025 16:39:18,22-05-2025 16:39:24,6.039s,PASSED
"setText(findTestObject(""Page_Active eCommerce CMS  Anh Tester Demo/input_email""), email)",Chrome 136.0.7103.114,,,22-05-2025 16:39:24,22-05-2025 16:39:26,1.870s,PASSED
"setText(findTestObject(""Page_Active eCommerce CMS  Anh Tester Demo/input_password""), password)",Chrome 136.0.7103.114,,,22-05-2025 16:39:26,22-05-2025 16:39:26,0.586s,PASSED
"click(findTestObject(""Page_Active eCommerce CMS  Anh Tester Demo/check""))",Chrome 136.0.7103.114,,,22-05-2025 16:39:26,22-05-2025 16:39:27,0.431s,PASSED
"click(findTestObject(""Page_Active eCommerce CMS  Anh Tester Demo/button_Login""))",Chrome 136.0.7103.114,,,22-05-2025 16:39:27,22-05-2025 16:39:28,1.612s,PASSED
delay(3),Chrome 136.0.7103.114,,,22-05-2025 16:39:28,22-05-2025 16:39:31,3.007s,PASSED
"click(findTestObject(""Page_Active eCommerce CMS  Anh Tester Demo/menu""))",Chrome 136.0.7103.114,,,22-05-2025 16:39:31,22-05-2025 16:39:32,0.385s,PASSED
"click(findTestObject(""Page_Active eCommerce CMS  Anh Tester Demo/span_Products""))",Chrome 136.0.7103.114,,,22-05-2025 16:39:32,22-05-2025 16:39:32,0.691s,PASSED
"click(findTestObject(""Page_Active eCommerce CMS  Anh Tester Demo/span_Brand""))",Chrome 136.0.7103.114,,,22-05-2025 16:39:32,22-05-2025 16:39:33,0.942s,PASSED
"setText(findTestObject(""Page_Active eCommerce CMS  Anh Tester Demo/input_name""), name)",Chrome 136.0.7103.114,,,22-05-2025 16:39:33,22-05-2025 16:39:34,1.248s,PASSED
"setText(findTestObject(""Page_Active eCommerce CMS  Anh Tester Demo/input_meta_title""), meta_title)",Chrome 136.0.7103.114,,,22-05-2025 16:39:34,22-05-2025 16:39:35,0.619s,PASSED
"setText(findTestObject(""Page_Active eCommerce CMS  Anh Tester Demo/textarea_description""), meta_description)",Chrome 136.0.7103.114,,,22-05-2025 16:39:35,22-05-2025 16:39:36,0.651s,PASSED
"click(findTestObject(""Page_Active eCommerce CMS  Anh Tester Demo/button_Save""))",Chrome 136.0.7103.114,,,22-05-2025 16:39:36,22-05-2025 16:39:37,1.334s,PASSED
delay(3),Chrome 136.0.7103.114,,,22-05-2025 16:39:37,22-05-2025 16:39:40,3.020s,PASSED
"setText(findTestObject(""Page_Active eCommerce CMS  Anh Tester Demo/input_Brands_search""), search)",Chrome 136.0.7103.114,,,22-05-2025 16:39:40,22-05-2025 16:39:41,0.615s,PASSED
"verifyTextPresent(message, false)",Chrome 136.0.7103.114,,,22-05-2025 16:39:41,22-05-2025 16:39:41,0.323s,PASSED
closeBrowser(),Chrome 136.0.7103.114,,,22-05-2025 16:39:41,22-05-2025 16:39:41,0.351s,PASSED
,,,,,,,
Test Cases/Brand,Chrome 136.0.7103.114,,,22-05-2025 16:40:37,22-05-2025 16:40:59,21.635s,FAILED
"DATA BINDING - {""password"":""123456"",""meta_title"":""abc"",""(Default) searc..."":"""",""(Default) meta_..."":"""",""message"":""Please fill out this field."",""email"":""admin@example.com"",""(Default) name"":""""}",,,,,,,
"openBrowser(""https://cms.anhtester.com/login"")",Chrome 136.0.7103.114,,,22-05-2025 16:40:37,22-05-2025 16:40:44,7.282s,PASSED
"setText(findTestObject(""Page_Active eCommerce CMS  Anh Tester Demo/input_email""), email)",Chrome 136.0.7103.114,,,22-05-2025 16:40:44,22-05-2025 16:40:45,0.754s,PASSED
"setText(findTestObject(""Page_Active eCommerce CMS  Anh Tester Demo/input_password""), password)",Chrome 136.0.7103.114,,,22-05-2025 16:40:45,22-05-2025 16:40:46,0.599s,PASSED
"click(findTestObject(""Page_Active eCommerce CMS  Anh Tester Demo/check""))",Chrome 136.0.7103.114,,,22-05-2025 16:40:46,22-05-2025 16:40:46,0.483s,PASSED
"click(findTestObject(""Page_Active eCommerce CMS  Anh Tester Demo/button_Login""))",Chrome 136.0.7103.114,,,22-05-2025 16:40:46,22-05-2025 16:40:46,0.343s,PASSED
delay(3),Chrome 136.0.7103.114,,,22-05-2025 16:40:46,22-05-2025 16:40:49,3.012s,PASSED
"click(findTestObject(""Page_Active eCommerce CMS  Anh Tester Demo/menu""))",Chrome 136.0.7103.114,,,22-05-2025 16:40:49,22-05-2025 16:40:50,0.320s,PASSED
"click(findTestObject(""Page_Active eCommerce CMS  Anh Tester Demo/span_Products""))",Chrome 136.0.7103.114,,,22-05-2025 16:40:50,22-05-2025 16:40:50,0.368s,PASSED
"click(findTestObject(""Page_Active eCommerce CMS  Anh Tester Demo/span_Brand""))",Chrome 136.0.7103.114,,,22-05-2025 16:40:50,22-05-2025 16:40:51,0.779s,PASSED
"setText(findTestObject(""Page_Active eCommerce CMS  Anh Tester Demo/input_name""), name)",Chrome 136.0.7103.114,,,22-05-2025 16:40:51,22-05-2025 16:40:52,1.291s,PASSED
"setText(findTestObject(""Page_Active eCommerce CMS  Anh Tester Demo/input_meta_title""), meta_title)",Chrome 136.0.7103.114,,,22-05-2025 16:40:52,22-05-2025 16:40:53,0.584s,PASSED
"setText(findTestObject(""Page_Active eCommerce CMS  Anh Tester Demo/textarea_description""), meta_description)",Chrome 136.0.7103.114,,,22-05-2025 16:40:53,22-05-2025 16:40:53,0.692s,PASSED
"click(findTestObject(""Page_Active eCommerce CMS  Anh Tester Demo/button_Save""))",Chrome 136.0.7103.114,,,22-05-2025 16:40:53,22-05-2025 16:40:54,0.333s,PASSED
delay(3),Chrome 136.0.7103.114,,,22-05-2025 16:40:54,22-05-2025 16:40:57,3.007s,PASSED
"setText(findTestObject(""Page_Active eCommerce CMS  Anh Tester Demo/input_Brands_search""), search)",Chrome 136.0.7103.114,,,22-05-2025 16:40:57,22-05-2025 16:40:58,1.057s,PASSED
"verifyTextPresent(message, false)",Chrome 136.0.7103.114,,,22-05-2025 16:40:58,22-05-2025 16:40:59,0.709s,FAILED
,,,,,,,
Test Cases/Brand,Chrome 136.0.7103.114,,,22-05-2025 16:42:00,22-05-2025 16:42:19,19.385s,FAILED
"DATA BINDING - {""password"":""123456"",""(Default) searc..."":"""",""(Default) meta_..."":"""",""message"":""Please fill out this field."",""meta_descriptio..."":""abc"",""email"":""admin@example.com"",""(Default) name"":""""}",,,,,,,
"openBrowser(""https://cms.anhtester.com/login"")",Chrome 136.0.7103.114,,,22-05-2025 16:42:00,22-05-2025 16:42:03,2.719s,PASSED
"setText(findTestObject(""Page_Active eCommerce CMS  Anh Tester Demo/input_email""), email)",Chrome 136.0.7103.114,,,22-05-2025 16:42:03,22-05-2025 16:42:04,1.432s,PASSED
"setText(findTestObject(""Page_Active eCommerce CMS  Anh Tester Demo/input_password""), password)",Chrome 136.0.7103.114,,,22-05-2025 16:42:04,22-05-2025 16:42:05,0.585s,PASSED
"click(findTestObject(""Page_Active eCommerce CMS  Anh Tester Demo/check""))",Chrome 136.0.7103.114,,,22-05-2025 16:42:05,22-05-2025 16:42:05,0.328s,PASSED
"click(findTestObject(""Page_Active eCommerce CMS  Anh Tester Demo/button_Login""))",Chrome 136.0.7103.114,,,22-05-2025 16:42:05,22-05-2025 16:42:07,2.189s,PASSED
delay(3),Chrome 136.0.7103.114,,,22-05-2025 16:42:07,22-05-2025 16:42:10,3.013s,PASSED
"click(findTestObject(""Page_Active eCommerce CMS  Anh Tester Demo/menu""))",Chrome 136.0.7103.114,,,22-05-2025 16:42:10,22-05-2025 16:42:11,0.322s,PASSED
"click(findTestObject(""Page_Active eCommerce CMS  Anh Tester Demo/span_Products""))",Chrome 136.0.7103.114,,,22-05-2025 16:42:11,22-05-2025 16:42:11,0.343s,PASSED
"click(findTestObject(""Page_Active eCommerce CMS  Anh Tester Demo/span_Brand""))",Chrome 136.0.7103.114,,,22-05-2025 16:42:11,22-05-2025 16:42:12,0.797s,PASSED
"setText(findTestObject(""Page_Active eCommerce CMS  Anh Tester Demo/input_name""), name)",Chrome 136.0.7103.114,,,22-05-2025 16:42:12,22-05-2025 16:42:13,1.520s,PASSED
"setText(findTestObject(""Page_Active eCommerce CMS  Anh Tester Demo/input_meta_title""), meta_title)",Chrome 136.0.7103.114,,,22-05-2025 16:42:13,22-05-2025 16:42:14,0.594s,PASSED
"setText(findTestObject(""Page_Active eCommerce CMS  Anh Tester Demo/textarea_description""), meta_description)",Chrome 136.0.7103.114,,,22-05-2025 16:42:14,22-05-2025 16:42:15,0.631s,PASSED
"click(findTestObject(""Page_Active eCommerce CMS  Anh Tester Demo/button_Save""))",Chrome 136.0.7103.114,,,22-05-2025 16:42:15,22-05-2025 16:42:15,0.339s,PASSED
delay(3),Chrome 136.0.7103.114,,,22-05-2025 16:42:15,22-05-2025 16:42:18,3.011s,PASSED
"setText(findTestObject(""Page_Active eCommerce CMS  Anh Tester Demo/input_Brands_search""), search)",Chrome 136.0.7103.114,,,22-05-2025 16:42:18,22-05-2025 16:42:19,0.950s,PASSED
"verifyTextPresent(message, false)",Chrome 136.0.7103.114,,,22-05-2025 16:42:19,22-05-2025 16:42:19,0.583s,FAILED
