Suite/Test/Step Name,Browser,Description,Tag,Start time,End time,Duration,Status
testsuite,Chrome 136.0.7103.114,,,17-05-2025 16:27:32,17-05-2025 16:29:02,1m - 30.550s,ERROR
,,,,,,,
Test Cases/Login,Chrome 136.0.7103.114,,,17-05-2025 16:27:33,17-05-2025 16:27:53,20.025s,PASSED
"DATA BINDING - {""expected_msg"":""Admin Example"",""password"":""123456"",""username"":""admin@example.com""}",,,,,,,
"openBrowser(""https://cms.anhtester.com/login"")",Chrome 136.0.7103.114,,,17-05-2025 16:27:33,17-05-2025 16:27:41,7.345s,PASSED
maximizeWindow(),Chrome 136.0.7103.114,,,17-05-2025 16:27:41,17-05-2025 16:27:41,0.154s,PASSED
"setText(findTestObject(""Page_Active eCommerce CMS  Anh Tester Demo/input_Welcome to Active eCommerce CMS_email""), username)",Chrome 136.0.7103.114,,,17-05-2025 16:27:41,17-05-2025 16:27:43,1.837s,PASSED
"setText(findTestObject(""Page_Active eCommerce CMS  Anh Tester Demo/input_Welcome to Active eCommerce CMS_password""), password)",Chrome 136.0.7103.114,,,17-05-2025 16:27:43,17-05-2025 16:27:44,0.857s,PASSED
"click(findTestObject(""Page_Active eCommerce CMS  Anh Tester Demo/span_Remember Me""))",Chrome 136.0.7103.114,,,17-05-2025 16:27:44,17-05-2025 16:27:44,0.563s,PASSED
"click(findTestObject(""Page_Active eCommerce CMS  Anh Tester Demo/button_Login""))",Chrome 136.0.7103.114,,,17-05-2025 16:27:44,17-05-2025 16:27:46,1.460s,PASSED
if (!(username)),Chrome 136.0.7103.114,,,17-05-2025 16:27:46,17-05-2025 16:27:46,0.008s,PASSED
else if (!(password)),Chrome 136.0.7103.114,,,17-05-2025 16:27:46,17-05-2025 16:27:46,0.002s,PASSED
else,Chrome 136.0.7103.114,,,17-05-2025 16:27:46,17-05-2025 16:27:49,3.611s,PASSED
closeBrowser(),Chrome 136.0.7103.114,,,17-05-2025 16:27:49,17-05-2025 16:27:53,3.308s,PASSED
,,,,,,,
Test Cases/Login,Chrome 136.0.7103.114,,,17-05-2025 16:27:53,17-05-2025 16:28:03,9.896s,PASSED
"DATA BINDING - {""expected_msg"":""Invalid login credentials"",""password"":""123"",""username"":""admin@example.com""}",,,,,,,
"openBrowser(""https://cms.anhtester.com/login"")",Chrome 136.0.7103.114,,,17-05-2025 16:27:53,17-05-2025 16:27:56,3.198s,PASSED
maximizeWindow(),Chrome 136.0.7103.114,,,17-05-2025 16:27:56,17-05-2025 16:27:56,0.082s,PASSED
"setText(findTestObject(""Page_Active eCommerce CMS  Anh Tester Demo/input_Welcome to Active eCommerce CMS_email""), username)",Chrome 136.0.7103.114,,,17-05-2025 16:27:56,17-05-2025 16:27:57,0.893s,PASSED
"setText(findTestObject(""Page_Active eCommerce CMS  Anh Tester Demo/input_Welcome to Active eCommerce CMS_password""), password)",Chrome 136.0.7103.114,,,17-05-2025 16:27:57,17-05-2025 16:27:58,0.623s,PASSED
"click(findTestObject(""Page_Active eCommerce CMS  Anh Tester Demo/span_Remember Me""))",Chrome 136.0.7103.114,,,17-05-2025 16:27:58,17-05-2025 16:27:58,0.341s,PASSED
"click(findTestObject(""Page_Active eCommerce CMS  Anh Tester Demo/button_Login""))",Chrome 136.0.7103.114,,,17-05-2025 16:27:58,17-05-2025 16:27:59,1.112s,PASSED
if (!(username)),Chrome 136.0.7103.114,,,17-05-2025 16:27:59,17-05-2025 16:27:59,0.001s,PASSED
else if (!(password)),Chrome 136.0.7103.114,,,17-05-2025 16:27:59,17-05-2025 16:27:59,0.001s,PASSED
else,Chrome 136.0.7103.114,,,17-05-2025 16:27:59,17-05-2025 16:28:02,3.287s,PASSED
closeBrowser(),Chrome 136.0.7103.114,,,17-05-2025 16:28:02,17-05-2025 16:28:03,0.324s,PASSED
,,,,,,,
Test Cases/Login,Chrome 136.0.7103.114,,,17-05-2025 16:28:03,17-05-2025 16:28:12,9.421s,PASSED
"DATA BINDING - {""expected_msg"":""Invalid login credentials"",""password"":""123456"",""username"":""test@example.com""}",,,,,,,
"openBrowser(""https://cms.anhtester.com/login"")",Chrome 136.0.7103.114,,,17-05-2025 16:28:03,17-05-2025 16:28:06,3.062s,PASSED
maximizeWindow(),Chrome 136.0.7103.114,,,17-05-2025 16:28:06,17-05-2025 16:28:06,0.103s,PASSED
"setText(findTestObject(""Page_Active eCommerce CMS  Anh Tester Demo/input_Welcome to Active eCommerce CMS_email""), username)",Chrome 136.0.7103.114,,,17-05-2025 16:28:06,17-05-2025 16:28:07,0.748s,PASSED
"setText(findTestObject(""Page_Active eCommerce CMS  Anh Tester Demo/input_Welcome to Active eCommerce CMS_password""), password)",Chrome 136.0.7103.114,,,17-05-2025 16:28:07,17-05-2025 16:28:07,0.595s,PASSED
"click(findTestObject(""Page_Active eCommerce CMS  Anh Tester Demo/span_Remember Me""))",Chrome 136.0.7103.114,,,17-05-2025 16:28:07,17-05-2025 16:28:08,0.376s,PASSED
"click(findTestObject(""Page_Active eCommerce CMS  Anh Tester Demo/button_Login""))",Chrome 136.0.7103.114,,,17-05-2025 16:28:08,17-05-2025 16:28:08,0.737s,PASSED
if (!(username)),Chrome 136.0.7103.114,,,17-05-2025 16:28:08,17-05-2025 16:28:08,0.002s,PASSED
else if (!(password)),Chrome 136.0.7103.114,,,17-05-2025 16:28:08,17-05-2025 16:28:08,0.003s,PASSED
else,Chrome 136.0.7103.114,,,17-05-2025 16:28:08,17-05-2025 16:28:12,3.282s,PASSED
closeBrowser(),Chrome 136.0.7103.114,,,17-05-2025 16:28:12,17-05-2025 16:28:12,0.482s,PASSED
,,,,,,,
Test Cases/Login,Chrome 136.0.7103.114,,,17-05-2025 16:28:30,17-05-2025 16:28:36,6.160s,ERROR
"DATA BINDING - {""(Default) usern..."":"""",""expected_msg"":""Please fill out this field"",""password"":""123456""}",,,,,,,
"openBrowser(""https://cms.anhtester.com/login"")",Chrome 136.0.7103.114,,,17-05-2025 16:28:30,17-05-2025 16:28:34,3.333s,PASSED
maximizeWindow(),Chrome 136.0.7103.114,,,17-05-2025 16:28:34,17-05-2025 16:28:34,0.091s,PASSED
"setText(findTestObject(""Page_Active eCommerce CMS  Anh Tester Demo/input_Welcome to Active eCommerce CMS_email""), username)",Chrome 136.0.7103.114,,,17-05-2025 16:28:34,17-05-2025 16:28:35,0.787s,PASSED
"setText(findTestObject(""Page_Active eCommerce CMS  Anh Tester Demo/input_Welcome to Active eCommerce CMS_password""), password)",Chrome 136.0.7103.114,,,17-05-2025 16:28:35,17-05-2025 16:28:35,0.611s,PASSED
"click(findTestObject(""Page_Active eCommerce CMS  Anh Tester Demo/span_Remember Me""))",Chrome 136.0.7103.114,,,17-05-2025 16:28:35,17-05-2025 16:28:36,0.339s,PASSED
"click(findTestObject(""Page_Active eCommerce CMS  Anh Tester Demo/button_Login""))",Chrome 136.0.7103.114,,,17-05-2025 16:28:36,17-05-2025 16:28:36,0.365s,PASSED
if (!(username)),Chrome 136.0.7103.114,,,17-05-2025 16:28:36,17-05-2025 16:28:36,0.462s,ERROR
,,,,,,,
Test Cases/Login,Chrome 136.0.7103.114,,,17-05-2025 16:28:56,17-05-2025 16:29:02,5.518s,ERROR
"DATA BINDING - {""expected_msg"":""Please fill out this field"",""(Default) passw..."":"""",""username"":""admin@example.com""}",,,,,,,
"openBrowser(""https://cms.anhtester.com/login"")",Chrome 136.0.7103.114,,,17-05-2025 16:28:56,17-05-2025 16:28:59,2.847s,PASSED
maximizeWindow(),Chrome 136.0.7103.114,,,17-05-2025 16:28:59,17-05-2025 16:28:59,0.160s,PASSED
"setText(findTestObject(""Page_Active eCommerce CMS  Anh Tester Demo/input_Welcome to Active eCommerce CMS_email""), username)",Chrome 136.0.7103.114,,,17-05-2025 16:28:59,17-05-2025 16:29:00,0.752s,PASSED
"setText(findTestObject(""Page_Active eCommerce CMS  Anh Tester Demo/input_Welcome to Active eCommerce CMS_password""), password)",Chrome 136.0.7103.114,,,17-05-2025 16:29:00,17-05-2025 16:29:00,0.583s,PASSED
"click(findTestObject(""Page_Active eCommerce CMS  Anh Tester Demo/span_Remember Me""))",Chrome 136.0.7103.114,,,17-05-2025 16:29:00,17-05-2025 16:29:01,0.453s,PASSED
"click(findTestObject(""Page_Active eCommerce CMS  Anh Tester Demo/button_Login""))",Chrome 136.0.7103.114,,,17-05-2025 16:29:01,17-05-2025 16:29:01,0.357s,PASSED
if (!(username)),Chrome 136.0.7103.114,,,17-05-2025 16:29:01,17-05-2025 16:29:01,0.000s,PASSED
else if (!(password)),Chrome 136.0.7103.114,,,17-05-2025 16:29:01,17-05-2025 16:29:02,0.305s,ERROR
