Suite/Test/Step Name,Browser,Description,Tag,Start time,End time,Duration,Status
Brand,Chrome 136.0.7103.114,,,22-05-2025 16:31:08,22-05-2025 16:34:43,3m - 35.774s,FAILED
,,,,,,,
Test Cases/Brand,Chrome 136.0.7103.114,,,22-05-2025 16:31:09,22-05-2025 16:31:49,40.711s,PASSED
"DATA BINDING - {""password"":""123456"",""meta_title"":""abc"",""name"":""nhan"",""message"":""Brand has been inserted successfully"",""meta_descriptio..."":""abc"",""email"":""admin@example.com""}",,,,,,,
"openBrowser(""https://cms.anhtester.com/login"")",Chrome 136.0.7103.114,,,22-05-2025 16:31:09,22-05-2025 16:31:35,26.001s,PASSED
"setText(findTestObject(""Page_Active eCommerce CMS  Anh Tester Demo/input_email""), email)",Chrome 136.0.7103.114,,,22-05-2025 16:31:35,22-05-2025 16:31:37,1.133s,PASSED
"setText(findTestObject(""Page_Active eCommerce CMS  Anh Tester Demo/input_password""), password)",Chrome 136.0.7103.114,,,22-05-2025 16:31:37,22-05-2025 16:31:37,0.960s,PASSED
"click(findTestObject(""Page_Active eCommerce CMS  Anh Tester Demo/check""))",Chrome 136.0.7103.114,,,22-05-2025 16:31:37,22-05-2025 16:31:38,0.513s,PASSED
"click(findTestObject(""Page_Active eCommerce CMS  Anh Tester Demo/button_Login""))",Chrome 136.0.7103.114,,,22-05-2025 16:31:38,22-05-2025 16:31:40,1.627s,PASSED
delay(3),Chrome 136.0.7103.114,,,22-05-2025 16:31:40,22-05-2025 16:31:43,3.071s,PASSED
"click(findTestObject(""Page_Active eCommerce CMS  Anh Tester Demo/menu""))",Chrome 136.0.7103.114,,,22-05-2025 16:31:43,22-05-2025 16:31:43,0.382s,PASSED
"click(findTestObject(""Page_Active eCommerce CMS  Anh Tester Demo/span_Products""))",Chrome 136.0.7103.114,,,22-05-2025 16:31:43,22-05-2025 16:31:44,0.485s,PASSED
"click(findTestObject(""Page_Active eCommerce CMS  Anh Tester Demo/span_Brand""))",Chrome 136.0.7103.114,,,22-05-2025 16:31:44,22-05-2025 16:31:44,0.907s,PASSED
"setText(findTestObject(""Page_Active eCommerce CMS  Anh Tester Demo/input_name""), name)",Chrome 136.0.7103.114,,,22-05-2025 16:31:44,22-05-2025 16:31:46,1.289s,PASSED
"setText(findTestObject(""Page_Active eCommerce CMS  Anh Tester Demo/input_meta_title""), meta_title)",Chrome 136.0.7103.114,,,22-05-2025 16:31:46,22-05-2025 16:31:47,0.751s,PASSED
"setText(findTestObject(""Page_Active eCommerce CMS  Anh Tester Demo/textarea_description""), meta_description)",Chrome 136.0.7103.114,,,22-05-2025 16:31:47,22-05-2025 16:31:47,0.649s,PASSED
"click(findTestObject(""Page_Active eCommerce CMS  Anh Tester Demo/button_Save""))",Chrome 136.0.7103.114,,,22-05-2025 16:31:47,22-05-2025 16:31:48,1.077s,PASSED
"verifyTextPresent(message, false)",Chrome 136.0.7103.114,,,22-05-2025 16:31:48,22-05-2025 16:31:49,1.085s,PASSED
,,,,,,,
Test Cases/Brand,Chrome 136.0.7103.114,,,22-05-2025 16:31:49,22-05-2025 16:32:19,29.939s,PASSED
"DATA BINDING - {""password"":""123456"",""name"":""diuanh"",""(Default) meta_..."":"""",""message"":""Brand has been inserted successfully"",""email"":""admin@example.com""}",,,,,,,
"openBrowser(""https://cms.anhtester.com/login"")",Chrome 136.0.7103.114,,,22-05-2025 16:31:49,22-05-2025 16:31:59,9.113s,PASSED
"setText(findTestObject(""Page_Active eCommerce CMS  Anh Tester Demo/input_email""), email)",Chrome 136.0.7103.114,,,22-05-2025 16:31:59,22-05-2025 16:31:59,0.783s,PASSED
"setText(findTestObject(""Page_Active eCommerce CMS  Anh Tester Demo/input_password""), password)",Chrome 136.0.7103.114,,,22-05-2025 16:31:59,22-05-2025 16:32:00,0.609s,PASSED
"click(findTestObject(""Page_Active eCommerce CMS  Anh Tester Demo/check""))",Chrome 136.0.7103.114,,,22-05-2025 16:32:00,22-05-2025 16:32:00,0.343s,PASSED
"click(findTestObject(""Page_Active eCommerce CMS  Anh Tester Demo/button_Login""))",Chrome 136.0.7103.114,,,22-05-2025 16:32:00,22-05-2025 16:32:02,1.461s,PASSED
delay(3),Chrome 136.0.7103.114,,,22-05-2025 16:32:02,22-05-2025 16:32:05,3.036s,PASSED
"click(findTestObject(""Page_Active eCommerce CMS  Anh Tester Demo/menu""))",Chrome 136.0.7103.114,,,22-05-2025 16:32:05,22-05-2025 16:32:06,0.915s,PASSED
"click(findTestObject(""Page_Active eCommerce CMS  Anh Tester Demo/span_Products""))",Chrome 136.0.7103.114,,,22-05-2025 16:32:06,22-05-2025 16:32:07,1.186s,PASSED
"click(findTestObject(""Page_Active eCommerce CMS  Anh Tester Demo/span_Brand""))",Chrome 136.0.7103.114,,,22-05-2025 16:32:07,22-05-2025 16:32:09,2.121s,PASSED
"setText(findTestObject(""Page_Active eCommerce CMS  Anh Tester Demo/input_name""), name)",Chrome 136.0.7103.114,,,22-05-2025 16:32:09,22-05-2025 16:32:12,3.453s,PASSED
"setText(findTestObject(""Page_Active eCommerce CMS  Anh Tester Demo/input_meta_title""), meta_title)",Chrome 136.0.7103.114,,,22-05-2025 16:32:12,22-05-2025 16:32:14,1.644s,PASSED
"setText(findTestObject(""Page_Active eCommerce CMS  Anh Tester Demo/textarea_description""), meta_description)",Chrome 136.0.7103.114,,,22-05-2025 16:32:14,22-05-2025 16:32:16,2.073s,PASSED
"click(findTestObject(""Page_Active eCommerce CMS  Anh Tester Demo/button_Save""))",Chrome 136.0.7103.114,,,22-05-2025 16:32:16,22-05-2025 16:32:18,1.760s,PASSED
"verifyTextPresent(message, false)",Chrome 136.0.7103.114,,,22-05-2025 16:32:18,22-05-2025 16:32:19,1.340s,PASSED
,,,,,,,
Test Cases/Brand,Chrome 136.0.7103.114,,,22-05-2025 16:33:15,22-05-2025 16:33:33,18.405s,FAILED
"DATA BINDING - {""password"":""123456"",""meta_title"":""abc"",""(Default) meta_..."":"""",""message"":""Please fill out this field."",""email"":""admin@example.com"",""(Default) name"":""""}",,,,,,,
"openBrowser(""https://cms.anhtester.com/login"")",Chrome 136.0.7103.114,,,22-05-2025 16:33:15,22-05-2025 16:33:18,3.711s,PASSED
"setText(findTestObject(""Page_Active eCommerce CMS  Anh Tester Demo/input_email""), email)",Chrome 136.0.7103.114,,,22-05-2025 16:33:18,22-05-2025 16:33:19,0.869s,PASSED
"setText(findTestObject(""Page_Active eCommerce CMS  Anh Tester Demo/input_password""), password)",Chrome 136.0.7103.114,,,22-05-2025 16:33:19,22-05-2025 16:33:20,0.646s,PASSED
"click(findTestObject(""Page_Active eCommerce CMS  Anh Tester Demo/check""))",Chrome 136.0.7103.114,,,22-05-2025 16:33:20,22-05-2025 16:33:20,0.347s,PASSED
"click(findTestObject(""Page_Active eCommerce CMS  Anh Tester Demo/button_Login""))",Chrome 136.0.7103.114,,,22-05-2025 16:33:20,22-05-2025 16:33:22,1.294s,PASSED
delay(3),Chrome 136.0.7103.114,,,22-05-2025 16:33:22,22-05-2025 16:33:25,3.012s,PASSED
"click(findTestObject(""Page_Active eCommerce CMS  Anh Tester Demo/menu""))",Chrome 136.0.7103.114,,,22-05-2025 16:33:25,22-05-2025 16:33:25,0.334s,PASSED
"click(findTestObject(""Page_Active eCommerce CMS  Anh Tester Demo/span_Products""))",Chrome 136.0.7103.114,,,22-05-2025 16:33:25,22-05-2025 16:33:25,0.346s,PASSED
"click(findTestObject(""Page_Active eCommerce CMS  Anh Tester Demo/span_Brand""))",Chrome 136.0.7103.114,,,22-05-2025 16:33:25,22-05-2025 16:33:26,0.801s,PASSED
"setText(findTestObject(""Page_Active eCommerce CMS  Anh Tester Demo/input_name""), name)",Chrome 136.0.7103.114,,,22-05-2025 16:33:26,22-05-2025 16:33:28,1.373s,PASSED
"setText(findTestObject(""Page_Active eCommerce CMS  Anh Tester Demo/input_meta_title""), meta_title)",Chrome 136.0.7103.114,,,22-05-2025 16:33:28,22-05-2025 16:33:28,0.624s,PASSED
"setText(findTestObject(""Page_Active eCommerce CMS  Anh Tester Demo/textarea_description""), meta_description)",Chrome 136.0.7103.114,,,22-05-2025 16:33:28,22-05-2025 16:33:30,1.631s,PASSED
"click(findTestObject(""Page_Active eCommerce CMS  Anh Tester Demo/button_Save""))",Chrome 136.0.7103.114,,,22-05-2025 16:33:30,22-05-2025 16:33:32,2.181s,PASSED
"verifyTextPresent(message, false)",Chrome 136.0.7103.114,,,22-05-2025 16:33:32,22-05-2025 16:33:33,1.161s,FAILED
,,,,,,,
Test Cases/Brand,Chrome 136.0.7103.114,,,22-05-2025 16:34:29,22-05-2025 16:34:43,14.394s,FAILED
"DATA BINDING - {""password"":""123456"",""(Default) meta_..."":"""",""message"":""Please fill out this field."",""meta_descriptio..."":""abc"",""email"":""admin@example.com"",""(Default) name"":""""}",,,,,,,
"openBrowser(""https://cms.anhtester.com/login"")",Chrome 136.0.7103.114,,,22-05-2025 16:34:29,22-05-2025 16:34:32,3.230s,PASSED
"setText(findTestObject(""Page_Active eCommerce CMS  Anh Tester Demo/input_email""), email)",Chrome 136.0.7103.114,,,22-05-2025 16:34:32,22-05-2025 16:34:33,0.836s,PASSED
"setText(findTestObject(""Page_Active eCommerce CMS  Anh Tester Demo/input_password""), password)",Chrome 136.0.7103.114,,,22-05-2025 16:34:33,22-05-2025 16:34:33,0.577s,PASSED
"click(findTestObject(""Page_Active eCommerce CMS  Anh Tester Demo/check""))",Chrome 136.0.7103.114,,,22-05-2025 16:34:33,22-05-2025 16:34:34,0.359s,PASSED
"click(findTestObject(""Page_Active eCommerce CMS  Anh Tester Demo/button_Login""))",Chrome 136.0.7103.114,,,22-05-2025 16:34:34,22-05-2025 16:34:35,1.386s,PASSED
delay(3),Chrome 136.0.7103.114,,,22-05-2025 16:34:35,22-05-2025 16:34:38,3.015s,PASSED
"click(findTestObject(""Page_Active eCommerce CMS  Anh Tester Demo/menu""))",Chrome 136.0.7103.114,,,22-05-2025 16:34:38,22-05-2025 16:34:38,0.314s,PASSED
"click(findTestObject(""Page_Active eCommerce CMS  Anh Tester Demo/span_Products""))",Chrome 136.0.7103.114,,,22-05-2025 16:34:38,22-05-2025 16:34:39,0.345s,PASSED
"click(findTestObject(""Page_Active eCommerce CMS  Anh Tester Demo/span_Brand""))",Chrome 136.0.7103.114,,,22-05-2025 16:34:39,22-05-2025 16:34:40,0.750s,PASSED
"setText(findTestObject(""Page_Active eCommerce CMS  Anh Tester Demo/input_name""), name)",Chrome 136.0.7103.114,,,22-05-2025 16:34:40,22-05-2025 16:34:41,1.328s,PASSED
"setText(findTestObject(""Page_Active eCommerce CMS  Anh Tester Demo/input_meta_title""), meta_title)",Chrome 136.0.7103.114,,,22-05-2025 16:34:41,22-05-2025 16:34:41,0.585s,PASSED
"setText(findTestObject(""Page_Active eCommerce CMS  Anh Tester Demo/textarea_description""), meta_description)",Chrome 136.0.7103.114,,,22-05-2025 16:34:41,22-05-2025 16:34:42,0.664s,PASSED
"click(findTestObject(""Page_Active eCommerce CMS  Anh Tester Demo/button_Save""))",Chrome 136.0.7103.114,,,22-05-2025 16:34:42,22-05-2025 16:34:43,0.417s,PASSED
"verifyTextPresent(message, false)",Chrome 136.0.7103.114,,,22-05-2025 16:34:43,22-05-2025 16:34:43,0.551s,FAILED
