Suite/Test/Step Name,Browser,Description,Tag,Start time,End time,Duration,Status
testsuite,,,,17-05-2025 16:34:57,17-05-2025 16:35:01,3.370s,ERROR
,,,,,,,
Test Cases/Login,,,,17-05-2025 16:34:59,17-05-2025 16:34:59,0.098s,ERROR
"DATA BINDING - {""expected_msg"":""Admin Example"",""password"":""123456"",""username"":""admin@example.com""}",,,,,,,
,,,,,,,
Test Cases/Login,,,,17-05-2025 16:35:00,17-05-2025 16:35:00,0.072s,ERROR
"DATA BINDING - {""expected_msg"":""Invalid login credentials"",""password"":""123"",""username"":""admin@example.com""}",,,,,,,
,,,,,,,
Test Cases/Login,,,,17-05-2025 16:35:00,17-05-2025 16:35:00,0.074s,ERROR
"DATA BINDING - {""expected_msg"":""Invalid login credentials"",""password"":""123456"",""username"":""test@example.com""}",,,,,,,
,,,,,,,
Test Cases/Login,,,,17-05-2025 16:35:00,17-05-2025 16:35:00,0.076s,ERROR
"DATA BINDING - {""(Default) usern..."":"""",""expected_msg"":""Please fill out this field"",""password"":""123456""}",,,,,,,
,,,,,,,
Test Cases/Login,,,,17-05-2025 16:35:01,17-05-2025 16:35:01,0.067s,ERROR
"DATA BINDING - {""expected_msg"":""Please fill out this field"",""(Default) passw..."":"""",""username"":""admin@example.com""}",,,,,,,
