Suite/Test/Step Name,Browser,Description,Tag,Start time,End time,Duration,Status
Brand,Chrome 136.0.7103.114,,,25-05-2025 00:07:39,25-05-2025 00:11:53,4m - 14.540s,PASSED
,,,,,,,
Test Cases/Brand,Chrome 136.0.7103.114,,,25-05-2025 00:07:39,25-05-2025 00:08:19,39.388s,PASSED
"DATA BINDING - {""password"":""123456"",""search"":""nhan"",""meta_title"":""abc"",""name"":""nhan"",""message"":""Brand has been inserted successfully"",""meta_descriptio..."":""abc"",""email"":""admin@example.com""}",,,,,,,
"openBrowser(""https://cms.anhtester.com/login"")",Chrome 136.0.7103.114,,,25-05-2025 00:07:40,25-05-2025 00:07:48,7.610s,PASSED
"setText(findTestObject(""Brand/input_email""), email)",Chrome 136.0.7103.114,,,25-05-2025 00:07:48,25-05-2025 00:07:49,1.402s,PASSED
"setText(findTestObject(""Brand/input_password""), password)",Chrome 136.0.7103.114,,,25-05-2025 00:07:49,25-05-2025 00:07:50,0.706s,PASSED
"click(findTestObject(""Brand/check""))",Chrome 136.0.7103.114,,,25-05-2025 00:07:50,25-05-2025 00:07:50,0.418s,PASSED
"click(findTestObject(""Brand/button_Login""))",Chrome 136.0.7103.114,,,25-05-2025 00:07:50,25-05-2025 00:07:52,1.393s,PASSED
delay(3),Chrome 136.0.7103.114,,,25-05-2025 00:07:52,25-05-2025 00:07:55,3.066s,PASSED
"click(findTestObject(""Brand/menu""))",Chrome 136.0.7103.114,,,25-05-2025 00:07:55,25-05-2025 00:07:56,1.094s,PASSED
"click(findTestObject(""Brand/span_Products""))",Chrome 136.0.7103.114,,,25-05-2025 00:07:56,25-05-2025 00:07:57,1.424s,PASSED
"click(findTestObject(""Brand/span_Brand""))",Chrome 136.0.7103.114,,,25-05-2025 00:07:57,25-05-2025 00:07:59,1.616s,PASSED
"setText(findTestObject(""Brand/input_name""), name)",Chrome 136.0.7103.114,,,25-05-2025 00:07:59,25-05-2025 00:08:01,1.786s,PASSED
"setText(findTestObject(""Brand/input_meta_title""), meta_title)",Chrome 136.0.7103.114,,,25-05-2025 00:08:01,25-05-2025 00:08:02,1.356s,PASSED
"setText(findTestObject(""Brand/textarea_description""), meta_description)",Chrome 136.0.7103.114,,,25-05-2025 00:08:02,25-05-2025 00:08:03,1.041s,PASSED
"click(findTestObject(""Brand/button_Save""))",Chrome 136.0.7103.114,,,25-05-2025 00:08:03,25-05-2025 00:08:05,1.661s,PASSED
"if (name == """")",Chrome 136.0.7103.114,,,25-05-2025 00:08:05,25-05-2025 00:08:05,0.002s,PASSED
delay(3),Chrome 136.0.7103.114,,,25-05-2025 00:08:05,25-05-2025 00:08:08,3.037s,PASSED
"setText(findTestObject(""Brand/input_Brands_search""), search)",Chrome 136.0.7103.114,,,25-05-2025 00:08:08,25-05-2025 00:08:09,1.499s,PASSED
"sendKeys(findTestObject(""Brand/input_Brands_search""), Keys.chord(ENTER))",Chrome 136.0.7103.114,,,25-05-2025 00:08:09,25-05-2025 00:08:10,0.986s,PASSED
delay(5),Chrome 136.0.7103.114,,,25-05-2025 00:08:10,25-05-2025 00:08:15,5.045s,PASSED
closeBrowser(),Chrome 136.0.7103.114,,,25-05-2025 00:08:15,25-05-2025 00:08:19,3.493s,PASSED
,,,,,,,
Test Cases/Brand,Chrome 136.0.7103.114,,,25-05-2025 00:08:19,25-05-2025 00:08:44,25.634s,PASSED
"DATA BINDING - {""password"":""123456"",""search"":""diuanh"",""name"":""diuanh"",""(Default) meta_..."":"""",""message"":""Brand has been inserted successfully"",""email"":""admin@example.com""}",,,,,,,
"openBrowser(""https://cms.anhtester.com/login"")",Chrome 136.0.7103.114,,,25-05-2025 00:08:19,25-05-2025 00:08:22,3.158s,PASSED
"setText(findTestObject(""Brand/input_email""), email)",Chrome 136.0.7103.114,,,25-05-2025 00:08:22,25-05-2025 00:08:23,0.861s,PASSED
"setText(findTestObject(""Brand/input_password""), password)",Chrome 136.0.7103.114,,,25-05-2025 00:08:23,25-05-2025 00:08:23,0.610s,PASSED
"click(findTestObject(""Brand/check""))",Chrome 136.0.7103.114,,,25-05-2025 00:08:23,25-05-2025 00:08:24,0.357s,PASSED
"click(findTestObject(""Brand/button_Login""))",Chrome 136.0.7103.114,,,25-05-2025 00:08:24,25-05-2025 00:08:25,1.439s,PASSED
delay(3),Chrome 136.0.7103.114,,,25-05-2025 00:08:25,25-05-2025 00:08:28,3.012s,PASSED
"click(findTestObject(""Brand/menu""))",Chrome 136.0.7103.114,,,25-05-2025 00:08:28,25-05-2025 00:08:29,0.347s,PASSED
"click(findTestObject(""Brand/span_Products""))",Chrome 136.0.7103.114,,,25-05-2025 00:08:29,25-05-2025 00:08:29,0.356s,PASSED
"click(findTestObject(""Brand/span_Brand""))",Chrome 136.0.7103.114,,,25-05-2025 00:08:29,25-05-2025 00:08:30,0.867s,PASSED
"setText(findTestObject(""Brand/input_name""), name)",Chrome 136.0.7103.114,,,25-05-2025 00:08:30,25-05-2025 00:08:31,1.414s,PASSED
"setText(findTestObject(""Brand/input_meta_title""), meta_title)",Chrome 136.0.7103.114,,,25-05-2025 00:08:31,25-05-2025 00:08:32,0.861s,PASSED
"setText(findTestObject(""Brand/textarea_description""), meta_description)",Chrome 136.0.7103.114,,,25-05-2025 00:08:32,25-05-2025 00:08:33,0.934s,PASSED
"click(findTestObject(""Brand/button_Save""))",Chrome 136.0.7103.114,,,25-05-2025 00:08:33,25-05-2025 00:08:34,0.843s,PASSED
"if (name == """")",Chrome 136.0.7103.114,,,25-05-2025 00:08:34,25-05-2025 00:08:34,0.001s,PASSED
delay(3),Chrome 136.0.7103.114,,,25-05-2025 00:08:34,25-05-2025 00:08:37,3.021s,PASSED
"setText(findTestObject(""Brand/input_Brands_search""), search)",Chrome 136.0.7103.114,,,25-05-2025 00:08:37,25-05-2025 00:08:38,0.852s,PASSED
"sendKeys(findTestObject(""Brand/input_Brands_search""), Keys.chord(ENTER))",Chrome 136.0.7103.114,,,25-05-2025 00:08:38,25-05-2025 00:08:38,0.384s,PASSED
delay(5),Chrome 136.0.7103.114,,,25-05-2025 00:08:38,25-05-2025 00:08:43,5.009s,PASSED
closeBrowser(),Chrome 136.0.7103.114,,,25-05-2025 00:08:43,25-05-2025 00:08:44,1.253s,PASSED
,,,,,,,
Test Cases/Brand,Chrome 136.0.7103.114,,,25-05-2025 00:08:44,25-05-2025 00:09:11,26.484s,PASSED
"DATA BINDING - {""password"":""123456"",""search"":""nhandiuanh"",""meta_title"":""abc"",""name"":""nhandiuanh"",""(Default) meta_..."":"""",""message"":""Brand has been inserted successfully"",""email"":""admin@example.com""}",,,,,,,
"openBrowser(""https://cms.anhtester.com/login"")",Chrome 136.0.7103.114,,,25-05-2025 00:08:44,25-05-2025 00:08:47,2.891s,PASSED
"setText(findTestObject(""Brand/input_email""), email)",Chrome 136.0.7103.114,,,25-05-2025 00:08:47,25-05-2025 00:08:48,0.877s,PASSED
"setText(findTestObject(""Brand/input_password""), password)",Chrome 136.0.7103.114,,,25-05-2025 00:08:48,25-05-2025 00:08:49,0.603s,PASSED
"click(findTestObject(""Brand/check""))",Chrome 136.0.7103.114,,,25-05-2025 00:08:49,25-05-2025 00:08:49,0.356s,PASSED
"click(findTestObject(""Brand/button_Login""))",Chrome 136.0.7103.114,,,25-05-2025 00:08:49,25-05-2025 00:08:50,1.229s,PASSED
delay(3),Chrome 136.0.7103.114,,,25-05-2025 00:08:50,25-05-2025 00:08:53,3.008s,PASSED
"click(findTestObject(""Brand/menu""))",Chrome 136.0.7103.114,,,25-05-2025 00:08:53,25-05-2025 00:08:54,0.373s,PASSED
"click(findTestObject(""Brand/span_Products""))",Chrome 136.0.7103.114,,,25-05-2025 00:08:54,25-05-2025 00:08:54,0.421s,PASSED
"click(findTestObject(""Brand/span_Brand""))",Chrome 136.0.7103.114,,,25-05-2025 00:08:54,25-05-2025 00:08:55,0.885s,PASSED
"setText(findTestObject(""Brand/input_name""), name)",Chrome 136.0.7103.114,,,25-05-2025 00:08:55,25-05-2025 00:08:57,1.716s,PASSED
"setText(findTestObject(""Brand/input_meta_title""), meta_title)",Chrome 136.0.7103.114,,,25-05-2025 00:08:57,25-05-2025 00:08:58,0.809s,PASSED
"setText(findTestObject(""Brand/textarea_description""), meta_description)",Chrome 136.0.7103.114,,,25-05-2025 00:08:58,25-05-2025 00:08:58,0.800s,PASSED
"click(findTestObject(""Brand/button_Save""))",Chrome 136.0.7103.114,,,25-05-2025 00:08:58,25-05-2025 00:08:59,1.075s,PASSED
"if (name == """")",Chrome 136.0.7103.114,,,25-05-2025 00:08:59,25-05-2025 00:08:59,0.001s,PASSED
delay(3),Chrome 136.0.7103.114,,,25-05-2025 00:08:59,25-05-2025 00:09:02,3.021s,PASSED
"setText(findTestObject(""Brand/input_Brands_search""), search)",Chrome 136.0.7103.114,,,25-05-2025 00:09:02,25-05-2025 00:09:03,0.786s,PASSED
"sendKeys(findTestObject(""Brand/input_Brands_search""), Keys.chord(ENTER))",Chrome 136.0.7103.114,,,25-05-2025 00:09:03,25-05-2025 00:09:04,0.881s,PASSED
delay(5),Chrome 136.0.7103.114,,,25-05-2025 00:09:04,25-05-2025 00:09:09,5.010s,PASSED
closeBrowser(),Chrome 136.0.7103.114,,,25-05-2025 00:09:09,25-05-2025 00:09:11,1.708s,PASSED
,,,,,,,
Test Cases/Brand,Chrome 136.0.7103.114,,,25-05-2025 00:09:11,25-05-2025 00:09:40,29.032s,PASSED
"DATA BINDING - {""password"":""123456"",""search"":""nhandiuanh"",""name"":""nhandiuanh"",""(Default) meta_..."":"""",""message"":""Brand has been inserted successfully"",""meta_descriptio..."":""abc"",""email"":""admin@example.com""}",,,,,,,
"openBrowser(""https://cms.anhtester.com/login"")",Chrome 136.0.7103.114,,,25-05-2025 00:09:11,25-05-2025 00:09:14,3.037s,PASSED
"setText(findTestObject(""Brand/input_email""), email)",Chrome 136.0.7103.114,,,25-05-2025 00:09:14,25-05-2025 00:09:15,0.889s,PASSED
"setText(findTestObject(""Brand/input_password""), password)",Chrome 136.0.7103.114,,,25-05-2025 00:09:15,25-05-2025 00:09:16,0.962s,PASSED
"click(findTestObject(""Brand/check""))",Chrome 136.0.7103.114,,,25-05-2025 00:09:16,25-05-2025 00:09:16,0.557s,PASSED
"click(findTestObject(""Brand/button_Login""))",Chrome 136.0.7103.114,,,25-05-2025 00:09:16,25-05-2025 00:09:18,1.504s,PASSED
delay(3),Chrome 136.0.7103.114,,,25-05-2025 00:09:18,25-05-2025 00:09:21,3.016s,PASSED
"click(findTestObject(""Brand/menu""))",Chrome 136.0.7103.114,,,25-05-2025 00:09:21,25-05-2025 00:09:21,0.371s,PASSED
"click(findTestObject(""Brand/span_Products""))",Chrome 136.0.7103.114,,,25-05-2025 00:09:21,25-05-2025 00:09:22,0.507s,PASSED
"click(findTestObject(""Brand/span_Brand""))",Chrome 136.0.7103.114,,,25-05-2025 00:09:22,25-05-2025 00:09:23,0.857s,PASSED
"setText(findTestObject(""Brand/input_name""), name)",Chrome 136.0.7103.114,,,25-05-2025 00:09:23,25-05-2025 00:09:24,1.752s,PASSED
"setText(findTestObject(""Brand/input_meta_title""), meta_title)",Chrome 136.0.7103.114,,,25-05-2025 00:09:24,25-05-2025 00:09:26,1.592s,PASSED
"setText(findTestObject(""Brand/textarea_description""), meta_description)",Chrome 136.0.7103.114,,,25-05-2025 00:09:26,25-05-2025 00:09:27,1.498s,PASSED
"click(findTestObject(""Brand/button_Save""))",Chrome 136.0.7103.114,,,25-05-2025 00:09:27,25-05-2025 00:09:29,1.127s,PASSED
"if (name == """")",Chrome 136.0.7103.114,,,25-05-2025 00:09:29,25-05-2025 00:09:29,0.000s,PASSED
delay(3),Chrome 136.0.7103.114,,,25-05-2025 00:09:29,25-05-2025 00:09:32,3.010s,PASSED
"setText(findTestObject(""Brand/input_Brands_search""), search)",Chrome 136.0.7103.114,,,25-05-2025 00:09:32,25-05-2025 00:09:33,1.335s,PASSED
"sendKeys(findTestObject(""Brand/input_Brands_search""), Keys.chord(ENTER))",Chrome 136.0.7103.114,,,25-05-2025 00:09:33,25-05-2025 00:09:33,0.454s,PASSED
delay(5),Chrome 136.0.7103.114,,,25-05-2025 00:09:33,25-05-2025 00:09:38,5.027s,PASSED
closeBrowser(),Chrome 136.0.7103.114,,,25-05-2025 00:09:38,25-05-2025 00:09:40,1.505s,PASSED
,,,,,,,
Test Cases/Brand,Chrome 136.0.7103.114,,,25-05-2025 00:09:40,25-05-2025 00:10:07,26.636s,PASSED
"DATA BINDING - {""password"":""123456"",""meta_title"":""abc"",""(Default) searc..."":"""",""(Default) meta_..."":"""",""message"":""Please fill out this field."",""email"":""admin@example.com"",""(Default) name"":""""}",,,,,,,
"openBrowser(""https://cms.anhtester.com/login"")",Chrome 136.0.7103.114,,,25-05-2025 00:09:40,25-05-2025 00:09:44,3.812s,PASSED
"setText(findTestObject(""Brand/input_email""), email)",Chrome 136.0.7103.114,,,25-05-2025 00:09:44,25-05-2025 00:09:45,0.909s,PASSED
"setText(findTestObject(""Brand/input_password""), password)",Chrome 136.0.7103.114,,,25-05-2025 00:09:45,25-05-2025 00:09:45,0.583s,PASSED
"click(findTestObject(""Brand/check""))",Chrome 136.0.7103.114,,,25-05-2025 00:09:45,25-05-2025 00:09:46,0.370s,PASSED
"click(findTestObject(""Brand/button_Login""))",Chrome 136.0.7103.114,,,25-05-2025 00:09:46,25-05-2025 00:09:47,1.331s,PASSED
delay(3),Chrome 136.0.7103.114,,,25-05-2025 00:09:47,25-05-2025 00:09:50,3.003s,PASSED
"click(findTestObject(""Brand/menu""))",Chrome 136.0.7103.114,,,25-05-2025 00:09:50,25-05-2025 00:09:50,0.386s,PASSED
"click(findTestObject(""Brand/span_Products""))",Chrome 136.0.7103.114,,,25-05-2025 00:09:50,25-05-2025 00:09:51,0.391s,PASSED
"click(findTestObject(""Brand/span_Brand""))",Chrome 136.0.7103.114,,,25-05-2025 00:09:51,25-05-2025 00:09:52,0.883s,PASSED
"setText(findTestObject(""Brand/input_name""), name)",Chrome 136.0.7103.114,,,25-05-2025 00:09:52,25-05-2025 00:09:53,1.599s,PASSED
"setText(findTestObject(""Brand/input_meta_title""), meta_title)",Chrome 136.0.7103.114,,,25-05-2025 00:09:53,25-05-2025 00:09:54,0.715s,PASSED
"setText(findTestObject(""Brand/textarea_description""), meta_description)",Chrome 136.0.7103.114,,,25-05-2025 00:09:54,25-05-2025 00:09:55,1.030s,PASSED
"click(findTestObject(""Brand/button_Save""))",Chrome 136.0.7103.114,,,25-05-2025 00:09:55,25-05-2025 00:09:56,0.562s,PASSED
"if (name == """")",Chrome 136.0.7103.114,,,25-05-2025 00:09:56,25-05-2025 00:09:56,0.075s,PASSED
delay(3),Chrome 136.0.7103.114,,,25-05-2025 00:09:56,25-05-2025 00:09:59,3.026s,PASSED
"setText(findTestObject(""Brand/input_Brands_search""), search)",Chrome 136.0.7103.114,,,25-05-2025 00:09:59,25-05-2025 00:10:00,1.321s,PASSED
"sendKeys(findTestObject(""Brand/input_Brands_search""), Keys.chord(ENTER))",Chrome 136.0.7103.114,,,25-05-2025 00:10:00,25-05-2025 00:10:01,0.939s,PASSED
delay(5),Chrome 136.0.7103.114,,,25-05-2025 00:10:01,25-05-2025 00:10:06,5.014s,PASSED
closeBrowser(),Chrome 136.0.7103.114,,,25-05-2025 00:10:06,25-05-2025 00:10:07,0.659s,PASSED
,,,,,,,
Test Cases/Brand,Chrome 136.0.7103.114,,,25-05-2025 00:10:07,25-05-2025 00:10:36,29.029s,PASSED
"DATA BINDING - {""password"":""123456"",""(Default) searc..."":"""",""(Default) meta_..."":"""",""message"":""Please fill out this field."",""meta_descriptio..."":""abc"",""email"":""admin@example.com"",""(Default) name"":""""}",,,,,,,
"openBrowser(""https://cms.anhtester.com/login"")",Chrome 136.0.7103.114,,,25-05-2025 00:10:07,25-05-2025 00:10:12,5.778s,PASSED
"setText(findTestObject(""Brand/input_email""), email)",Chrome 136.0.7103.114,,,25-05-2025 00:10:12,25-05-2025 00:10:13,0.852s,PASSED
"setText(findTestObject(""Brand/input_password""), password)",Chrome 136.0.7103.114,,,25-05-2025 00:10:13,25-05-2025 00:10:14,0.684s,PASSED
"click(findTestObject(""Brand/check""))",Chrome 136.0.7103.114,,,25-05-2025 00:10:14,25-05-2025 00:10:14,0.380s,PASSED
"click(findTestObject(""Brand/button_Login""))",Chrome 136.0.7103.114,,,25-05-2025 00:10:14,25-05-2025 00:10:16,1.638s,PASSED
delay(3),Chrome 136.0.7103.114,,,25-05-2025 00:10:16,25-05-2025 00:10:19,3.013s,PASSED
"click(findTestObject(""Brand/menu""))",Chrome 136.0.7103.114,,,25-05-2025 00:10:19,25-05-2025 00:10:19,0.484s,PASSED
"click(findTestObject(""Brand/span_Products""))",Chrome 136.0.7103.114,,,25-05-2025 00:10:19,25-05-2025 00:10:20,0.366s,PASSED
"click(findTestObject(""Brand/span_Brand""))",Chrome 136.0.7103.114,,,25-05-2025 00:10:20,25-05-2025 00:10:22,2.144s,PASSED
"setText(findTestObject(""Brand/input_name""), name)",Chrome 136.0.7103.114,,,25-05-2025 00:10:22,25-05-2025 00:10:23,1.288s,PASSED
"setText(findTestObject(""Brand/input_meta_title""), meta_title)",Chrome 136.0.7103.114,,,25-05-2025 00:10:23,25-05-2025 00:10:24,0.948s,PASSED
"setText(findTestObject(""Brand/textarea_description""), meta_description)",Chrome 136.0.7103.114,,,25-05-2025 00:10:24,25-05-2025 00:10:25,0.680s,PASSED
"click(findTestObject(""Brand/button_Save""))",Chrome 136.0.7103.114,,,25-05-2025 00:10:25,25-05-2025 00:10:25,0.545s,PASSED
"if (name == """")",Chrome 136.0.7103.114,,,25-05-2025 00:10:25,25-05-2025 00:10:25,0.066s,PASSED
delay(3),Chrome 136.0.7103.114,,,25-05-2025 00:10:25,25-05-2025 00:10:28,3.020s,PASSED
"setText(findTestObject(""Brand/input_Brands_search""), search)",Chrome 136.0.7103.114,,,25-05-2025 00:10:28,25-05-2025 00:10:29,0.987s,PASSED
"sendKeys(findTestObject(""Brand/input_Brands_search""), Keys.chord(ENTER))",Chrome 136.0.7103.114,,,25-05-2025 00:10:29,25-05-2025 00:10:30,0.652s,PASSED
delay(5),Chrome 136.0.7103.114,,,25-05-2025 00:10:30,25-05-2025 00:10:35,5.008s,PASSED
closeBrowser(),Chrome 136.0.7103.114,,,25-05-2025 00:10:35,25-05-2025 00:10:36,0.459s,PASSED
,,,,,,,
Test Cases/Brand,Chrome 136.0.7103.114,,,25-05-2025 00:10:36,25-05-2025 00:11:09,33.505s,PASSED
"DATA BINDING - {""password"":""123456"",""meta_title"":""abc"",""(Default) searc..."":"""",""message"":""Please fill out this field."",""meta_descriptio..."":""abc"",""email"":""admin@example.com"",""(Default) name"":""""}",,,,,,,
"openBrowser(""https://cms.anhtester.com/login"")",Chrome 136.0.7103.114,,,25-05-2025 00:10:36,25-05-2025 00:10:38,2.749s,PASSED
"setText(findTestObject(""Brand/input_email""), email)",Chrome 136.0.7103.114,,,25-05-2025 00:10:38,25-05-2025 00:10:39,0.852s,PASSED
"setText(findTestObject(""Brand/input_password""), password)",Chrome 136.0.7103.114,,,25-05-2025 00:10:39,25-05-2025 00:10:40,0.583s,PASSED
"click(findTestObject(""Brand/check""))",Chrome 136.0.7103.114,,,25-05-2025 00:10:40,25-05-2025 00:10:40,0.471s,PASSED
"click(findTestObject(""Brand/button_Login""))",Chrome 136.0.7103.114,,,25-05-2025 00:10:40,25-05-2025 00:10:42,1.259s,PASSED
delay(3),Chrome 136.0.7103.114,,,25-05-2025 00:10:42,25-05-2025 00:10:45,3.033s,PASSED
"click(findTestObject(""Brand/menu""))",Chrome 136.0.7103.114,,,25-05-2025 00:10:45,25-05-2025 00:10:45,0.871s,PASSED
"click(findTestObject(""Brand/span_Products""))",Chrome 136.0.7103.114,,,25-05-2025 00:10:45,25-05-2025 00:10:46,0.878s,PASSED
"click(findTestObject(""Brand/span_Brand""))",Chrome 136.0.7103.114,,,25-05-2025 00:10:46,25-05-2025 00:10:47,1.178s,PASSED
"setText(findTestObject(""Brand/input_name""), name)",Chrome 136.0.7103.114,,,25-05-2025 00:10:47,25-05-2025 00:10:52,4.040s,PASSED
"setText(findTestObject(""Brand/input_meta_title""), meta_title)",Chrome 136.0.7103.114,,,25-05-2025 00:10:52,25-05-2025 00:10:53,1.339s,PASSED
"setText(findTestObject(""Brand/textarea_description""), meta_description)",Chrome 136.0.7103.114,,,25-05-2025 00:10:53,25-05-2025 00:10:54,1.495s,PASSED
"click(findTestObject(""Brand/button_Save""))",Chrome 136.0.7103.114,,,25-05-2025 00:10:54,25-05-2025 00:10:55,0.553s,PASSED
"if (name == """")",Chrome 136.0.7103.114,,,25-05-2025 00:10:55,25-05-2025 00:10:55,0.192s,PASSED
delay(3),Chrome 136.0.7103.114,,,25-05-2025 00:10:55,25-05-2025 00:10:58,3.029s,PASSED
"setText(findTestObject(""Brand/input_Brands_search""), search)",Chrome 136.0.7103.114,,,25-05-2025 00:10:58,25-05-2025 00:11:00,2.295s,PASSED
"sendKeys(findTestObject(""Brand/input_Brands_search""), Keys.chord(ENTER))",Chrome 136.0.7103.114,,,25-05-2025 00:11:00,25-05-2025 00:11:02,1.513s,PASSED
delay(5),Chrome 136.0.7103.114,,,25-05-2025 00:11:02,25-05-2025 00:11:07,5.018s,PASSED
closeBrowser(),Chrome 136.0.7103.114,,,25-05-2025 00:11:07,25-05-2025 00:11:09,2.132s,PASSED
,,,,,,,
Test Cases/Brand,Chrome 136.0.7103.114,,,25-05-2025 00:11:09,25-05-2025 00:11:53,43.935s,PASSED
"DATA BINDING - {""password"":""123456"",""(Default) searc..."":"""",""(Default) meta_..."":"""",""message"":""Please fill out this field."",""email"":""admin@example.com"",""(Default) name"":""""}",,,,,,,
"openBrowser(""https://cms.anhtester.com/login"")",Chrome 136.0.7103.114,,,25-05-2025 00:11:09,25-05-2025 00:11:13,3.797s,PASSED
"setText(findTestObject(""Brand/input_email""), email)",Chrome 136.0.7103.114,,,25-05-2025 00:11:13,25-05-2025 00:11:14,1.310s,PASSED
"setText(findTestObject(""Brand/input_password""), password)",Chrome 136.0.7103.114,,,25-05-2025 00:11:14,25-05-2025 00:11:16,1.698s,PASSED
"click(findTestObject(""Brand/check""))",Chrome 136.0.7103.114,,,25-05-2025 00:11:16,25-05-2025 00:11:16,0.498s,PASSED
"click(findTestObject(""Brand/button_Login""))",Chrome 136.0.7103.114,,,25-05-2025 00:11:16,25-05-2025 00:11:18,1.395s,PASSED
delay(3),Chrome 136.0.7103.114,,,25-05-2025 00:11:18,25-05-2025 00:11:21,3.020s,PASSED
"click(findTestObject(""Brand/menu""))",Chrome 136.0.7103.114,,,25-05-2025 00:11:21,25-05-2025 00:11:21,0.656s,PASSED
"click(findTestObject(""Brand/span_Products""))",Chrome 136.0.7103.114,,,25-05-2025 00:11:21,25-05-2025 00:11:23,1.058s,PASSED
"click(findTestObject(""Brand/span_Brand""))",Chrome 136.0.7103.114,,,25-05-2025 00:11:23,25-05-2025 00:11:24,1.807s,PASSED
"setText(findTestObject(""Brand/input_name""), name)",Chrome 136.0.7103.114,,,25-05-2025 00:11:24,25-05-2025 00:11:26,1.742s,PASSED
"setText(findTestObject(""Brand/input_meta_title""), meta_title)",Chrome 136.0.7103.114,,,25-05-2025 00:11:26,25-05-2025 00:11:27,1.246s,PASSED
"setText(findTestObject(""Brand/textarea_description""), meta_description)",Chrome 136.0.7103.114,,,25-05-2025 00:11:27,25-05-2025 00:11:29,2.000s,PASSED
"click(findTestObject(""Brand/button_Save""))",Chrome 136.0.7103.114,,,25-05-2025 00:11:29,25-05-2025 00:11:31,2.022s,PASSED
"if (name == """")",Chrome 136.0.7103.114,,,25-05-2025 00:11:31,25-05-2025 00:11:31,0.136s,PASSED
delay(3),Chrome 136.0.7103.114,,,25-05-2025 00:11:31,25-05-2025 00:11:35,3.038s,PASSED
"setText(findTestObject(""Brand/input_Brands_search""), search)",Chrome 136.0.7103.114,,,25-05-2025 00:11:35,25-05-2025 00:11:39,4.709s,PASSED
"sendKeys(findTestObject(""Brand/input_Brands_search""), Keys.chord(ENTER))",Chrome 136.0.7103.114,,,25-05-2025 00:11:39,25-05-2025 00:11:41,1.831s,PASSED
delay(5),Chrome 136.0.7103.114,,,25-05-2025 00:11:41,25-05-2025 00:11:46,5.013s,PASSED
closeBrowser(),Chrome 136.0.7103.114,,,25-05-2025 00:11:46,25-05-2025 00:11:53,6.933s,PASSED
