Suite/Test/Step Name,Browser,Description,Tag,Start time,End time,Duration,Status
Brand,Chrome 136.0.7103.114,,,24-05-2025 22:58:22,24-05-2025 23:01:36,3m - 13.469s,FAILED
,,,,,,,
Test Cases/Brand,Chrome 136.0.7103.114,,,24-05-2025 22:58:23,24-05-2025 22:58:51,27.529s,PASSED
"DATA BINDING - {""password"":""123456"",""search"":""nhan"",""meta_title"":""abc"",""name"":""nhan"",""message"":""Brand has been inserted successfully"",""meta_descriptio..."":""abc"",""email"":""admin@example.com""}",,,,,,,
"openBrowser(""https://cms.anhtester.com/login"")",Chrome 136.0.7103.114,,,24-05-2025 22:58:24,24-05-2025 22:58:28,4.068s,PASSED
"setText(findTestObject(""Brand/input_email""), email)",Chrome 136.0.7103.114,,,24-05-2025 22:58:28,24-05-2025 22:58:29,0.827s,PASSED
"setText(findTestObject(""Brand/input_password""), password)",Chrome 136.0.7103.114,,,24-05-2025 22:58:29,24-05-2025 22:58:29,0.711s,PASSED
"click(findTestObject(""Brand/check""))",Chrome 136.0.7103.114,,,24-05-2025 22:58:29,24-05-2025 22:58:30,0.372s,PASSED
"click(findTestObject(""Brand/button_Login""))",Chrome 136.0.7103.114,,,24-05-2025 22:58:30,24-05-2025 22:58:31,1.422s,PASSED
delay(3),Chrome 136.0.7103.114,,,24-05-2025 22:58:31,24-05-2025 22:58:34,3.065s,PASSED
"click(findTestObject(""Brand/menu""))",Chrome 136.0.7103.114,,,24-05-2025 22:58:34,24-05-2025 22:58:35,0.411s,PASSED
"click(findTestObject(""Brand/span_Products""))",Chrome 136.0.7103.114,,,24-05-2025 22:58:35,24-05-2025 22:58:35,0.468s,PASSED
"click(findTestObject(""Brand/span_Brand""))",Chrome 136.0.7103.114,,,24-05-2025 22:58:35,24-05-2025 22:58:36,0.824s,PASSED
"setText(findTestObject(""Brand/input_name""), name)",Chrome 136.0.7103.114,,,24-05-2025 22:58:36,24-05-2025 22:58:37,1.282s,PASSED
"setText(findTestObject(""Brand/input_meta_title""), meta_title)",Chrome 136.0.7103.114,,,24-05-2025 22:58:37,24-05-2025 22:58:38,0.674s,PASSED
"setText(findTestObject(""Brand/textarea_description""), meta_description)",Chrome 136.0.7103.114,,,24-05-2025 22:58:38,24-05-2025 22:58:39,0.661s,PASSED
"click(findTestObject(""Brand/button_Save""))",Chrome 136.0.7103.114,,,24-05-2025 22:58:39,24-05-2025 22:58:39,0.702s,PASSED
"verifyTextPresent(message, false)",Chrome 136.0.7103.114,,,24-05-2025 22:58:39,24-05-2025 22:58:41,1.411s,PASSED
delay(3),Chrome 136.0.7103.114,,,24-05-2025 22:58:41,24-05-2025 22:58:44,3.012s,PASSED
"setText(findTestObject(""Brand/input_Brands_search""), search)",Chrome 136.0.7103.114,,,24-05-2025 22:58:44,24-05-2025 22:58:44,0.748s,PASSED
"sendKeys(findTestObject(""Brand/input_Brands_search""), Keys.chord(ENTER))",Chrome 136.0.7103.114,,,24-05-2025 22:58:44,24-05-2025 22:58:45,0.805s,PASSED
delay(5),Chrome 136.0.7103.114,,,24-05-2025 22:58:45,24-05-2025 22:58:50,5.016s,PASSED
closeBrowser(),Chrome 136.0.7103.114,,,24-05-2025 22:58:50,24-05-2025 22:58:51,0.408s,PASSED
,,,,,,,
Test Cases/Brand,Chrome 136.0.7103.114,,,24-05-2025 22:58:51,24-05-2025 22:59:16,24.825s,PASSED
"DATA BINDING - {""password"":""123456"",""search"":""diuanh"",""name"":""diuanh"",""(Default) meta_..."":"""",""message"":""Brand has been inserted successfully"",""email"":""admin@example.com""}",,,,,,,
"openBrowser(""https://cms.anhtester.com/login"")",Chrome 136.0.7103.114,,,24-05-2025 22:58:51,24-05-2025 22:58:53,2.174s,PASSED
"setText(findTestObject(""Brand/input_email""), email)",Chrome 136.0.7103.114,,,24-05-2025 22:58:53,24-05-2025 22:58:54,0.742s,PASSED
"setText(findTestObject(""Brand/input_password""), password)",Chrome 136.0.7103.114,,,24-05-2025 22:58:54,24-05-2025 22:58:54,0.664s,PASSED
"click(findTestObject(""Brand/check""))",Chrome 136.0.7103.114,,,24-05-2025 22:58:54,24-05-2025 22:58:55,0.353s,PASSED
"click(findTestObject(""Brand/button_Login""))",Chrome 136.0.7103.114,,,24-05-2025 22:58:55,24-05-2025 22:58:56,1.704s,PASSED
delay(3),Chrome 136.0.7103.114,,,24-05-2025 22:58:56,24-05-2025 22:58:59,3.011s,PASSED
"click(findTestObject(""Brand/menu""))",Chrome 136.0.7103.114,,,24-05-2025 22:58:59,24-05-2025 22:59:00,0.418s,PASSED
"click(findTestObject(""Brand/span_Products""))",Chrome 136.0.7103.114,,,24-05-2025 22:59:00,24-05-2025 22:59:00,0.389s,PASSED
"click(findTestObject(""Brand/span_Brand""))",Chrome 136.0.7103.114,,,24-05-2025 22:59:00,24-05-2025 22:59:01,0.762s,PASSED
"setText(findTestObject(""Brand/input_name""), name)",Chrome 136.0.7103.114,,,24-05-2025 22:59:01,24-05-2025 22:59:02,1.509s,PASSED
"setText(findTestObject(""Brand/input_meta_title""), meta_title)",Chrome 136.0.7103.114,,,24-05-2025 22:59:02,24-05-2025 22:59:03,0.584s,PASSED
"setText(findTestObject(""Brand/textarea_description""), meta_description)",Chrome 136.0.7103.114,,,24-05-2025 22:59:03,24-05-2025 22:59:04,0.595s,PASSED
"click(findTestObject(""Brand/button_Save""))",Chrome 136.0.7103.114,,,24-05-2025 22:59:04,24-05-2025 22:59:04,0.753s,PASSED
"verifyTextPresent(message, false)",Chrome 136.0.7103.114,,,24-05-2025 22:59:04,24-05-2025 22:59:06,1.411s,PASSED
delay(3),Chrome 136.0.7103.114,,,24-05-2025 22:59:06,24-05-2025 22:59:09,3.010s,PASSED
"setText(findTestObject(""Brand/input_Brands_search""), search)",Chrome 136.0.7103.114,,,24-05-2025 22:59:09,24-05-2025 22:59:09,0.600s,PASSED
"sendKeys(findTestObject(""Brand/input_Brands_search""), Keys.chord(ENTER))",Chrome 136.0.7103.114,,,24-05-2025 22:59:09,24-05-2025 22:59:10,0.714s,PASSED
delay(5),Chrome 136.0.7103.114,,,24-05-2025 22:59:10,24-05-2025 22:59:15,5.012s,PASSED
closeBrowser(),Chrome 136.0.7103.114,,,24-05-2025 22:59:15,24-05-2025 22:59:16,0.360s,PASSED
,,,,,,,
Test Cases/Brand,Chrome 136.0.7103.114,,,24-05-2025 22:59:55,24-05-2025 23:00:08,13.812s,FAILED
"DATA BINDING - {""password"":""123456"",""meta_title"":""abc"",""(Default) searc..."":"""",""(Default) meta_..."":"""",""message"":""Please fill out this field."",""email"":""admin@example.com"",""(Default) name"":""""}",,,,,,,
"openBrowser(""https://cms.anhtester.com/login"")",Chrome 136.0.7103.114,,,24-05-2025 22:59:55,24-05-2025 22:59:57,2.251s,PASSED
"setText(findTestObject(""Brand/input_email""), email)",Chrome 136.0.7103.114,,,24-05-2025 22:59:57,24-05-2025 22:59:57,0.671s,PASSED
"setText(findTestObject(""Brand/input_password""), password)",Chrome 136.0.7103.114,,,24-05-2025 22:59:57,24-05-2025 22:59:58,0.641s,PASSED
"click(findTestObject(""Brand/check""))",Chrome 136.0.7103.114,,,24-05-2025 22:59:58,24-05-2025 22:59:58,0.351s,PASSED
"click(findTestObject(""Brand/button_Login""))",Chrome 136.0.7103.114,,,24-05-2025 22:59:58,24-05-2025 23:00:00,1.409s,PASSED
delay(3),Chrome 136.0.7103.114,,,24-05-2025 23:00:00,24-05-2025 23:00:03,3.011s,PASSED
"click(findTestObject(""Brand/menu""))",Chrome 136.0.7103.114,,,24-05-2025 23:00:03,24-05-2025 23:00:03,0.366s,PASSED
"click(findTestObject(""Brand/span_Products""))",Chrome 136.0.7103.114,,,24-05-2025 23:00:03,24-05-2025 23:00:04,0.404s,PASSED
"click(findTestObject(""Brand/span_Brand""))",Chrome 136.0.7103.114,,,24-05-2025 23:00:04,24-05-2025 23:00:05,0.976s,PASSED
"setText(findTestObject(""Brand/input_name""), name)",Chrome 136.0.7103.114,,,24-05-2025 23:00:05,24-05-2025 23:00:06,1.516s,PASSED
"setText(findTestObject(""Brand/input_meta_title""), meta_title)",Chrome 136.0.7103.114,,,24-05-2025 23:00:06,24-05-2025 23:00:07,0.618s,PASSED
"setText(findTestObject(""Brand/textarea_description""), meta_description)",Chrome 136.0.7103.114,,,24-05-2025 23:00:07,24-05-2025 23:00:07,0.599s,PASSED
"click(findTestObject(""Brand/button_Save""))",Chrome 136.0.7103.114,,,24-05-2025 23:00:07,24-05-2025 23:00:08,0.360s,PASSED
"verifyTextPresent(message, false)",Chrome 136.0.7103.114,,,24-05-2025 23:00:08,24-05-2025 23:00:08,0.582s,FAILED
,,,,,,,
Test Cases/Brand,Chrome 136.0.7103.114,,,24-05-2025 23:00:44,24-05-2025 23:00:55,10.136s,FAILED
"DATA BINDING - {""password"":""123456"",""(Default) searc..."":"""",""(Default) meta_..."":"""",""message"":""Please fill out this field."",""meta_descriptio..."":""abc"",""email"":""admin@example.com"",""(Default) name"":""""}",,,,,,,
"openBrowser(""https://cms.anhtester.com/login"")",Chrome 136.0.7103.114,,,24-05-2025 23:00:44,24-05-2025 23:00:46,1.517s,PASSED
"setText(findTestObject(""Brand/input_email""), email)",Chrome 136.0.7103.114,,,24-05-2025 23:00:46,24-05-2025 23:00:47,0.630s,PASSED
"setText(findTestObject(""Brand/input_password""), password)",Chrome 136.0.7103.114,,,24-05-2025 23:00:47,24-05-2025 23:00:47,0.496s,PASSED
"click(findTestObject(""Brand/check""))",Chrome 136.0.7103.114,,,24-05-2025 23:00:47,24-05-2025 23:00:47,0.272s,PASSED
"click(findTestObject(""Brand/button_Login""))",Chrome 136.0.7103.114,,,24-05-2025 23:00:47,24-05-2025 23:00:48,0.255s,PASSED
delay(3),Chrome 136.0.7103.114,,,24-05-2025 23:00:48,24-05-2025 23:00:51,3.016s,PASSED
"click(findTestObject(""Brand/menu""))",Chrome 136.0.7103.114,,,24-05-2025 23:00:51,24-05-2025 23:00:51,0.258s,PASSED
"click(findTestObject(""Brand/span_Products""))",Chrome 136.0.7103.114,,,24-05-2025 23:00:51,24-05-2025 23:00:51,0.266s,PASSED
"click(findTestObject(""Brand/span_Brand""))",Chrome 136.0.7103.114,,,24-05-2025 23:00:51,24-05-2025 23:00:52,0.656s,PASSED
"setText(findTestObject(""Brand/input_name""), name)",Chrome 136.0.7103.114,,,24-05-2025 23:00:52,24-05-2025 23:00:53,1.117s,PASSED
"setText(findTestObject(""Brand/input_meta_title""), meta_title)",Chrome 136.0.7103.114,,,24-05-2025 23:00:53,24-05-2025 23:00:53,0.520s,PASSED
"setText(findTestObject(""Brand/textarea_description""), meta_description)",Chrome 136.0.7103.114,,,24-05-2025 23:00:53,24-05-2025 23:00:54,0.495s,PASSED
"click(findTestObject(""Brand/button_Save""))",Chrome 136.0.7103.114,,,24-05-2025 23:00:54,24-05-2025 23:00:54,0.259s,PASSED
"verifyTextPresent(message, false)",Chrome 136.0.7103.114,,,24-05-2025 23:00:54,24-05-2025 23:00:55,0.366s,FAILED
,,,,,,,
Test Cases/Brand,Chrome 136.0.7103.114,,,24-05-2025 23:01:26,24-05-2025 23:01:36,9.993s,FAILED
"DATA BINDING - {""password"":""123456"",""(Default) searc..."":"""",""(Default) meta_..."":"""",""message"":""Please fill out this field."",""email"":""admin@example.com"",""(Default) name"":""""}",,,,,,,
"openBrowser(""https://cms.anhtester.com/login"")",Chrome 136.0.7103.114,,,24-05-2025 23:01:26,24-05-2025 23:01:27,1.568s,PASSED
"setText(findTestObject(""Brand/input_email""), email)",Chrome 136.0.7103.114,,,24-05-2025 23:01:27,24-05-2025 23:01:28,0.519s,PASSED
"setText(findTestObject(""Brand/input_password""), password)",Chrome 136.0.7103.114,,,24-05-2025 23:01:28,24-05-2025 23:01:28,0.509s,PASSED
"click(findTestObject(""Brand/check""))",Chrome 136.0.7103.114,,,24-05-2025 23:01:28,24-05-2025 23:01:28,0.266s,PASSED
"click(findTestObject(""Brand/button_Login""))",Chrome 136.0.7103.114,,,24-05-2025 23:01:28,24-05-2025 23:01:29,0.256s,PASSED
delay(3),Chrome 136.0.7103.114,,,24-05-2025 23:01:29,24-05-2025 23:01:32,3.013s,PASSED
"click(findTestObject(""Brand/menu""))",Chrome 136.0.7103.114,,,24-05-2025 23:01:32,24-05-2025 23:01:32,0.258s,PASSED
"click(findTestObject(""Brand/span_Products""))",Chrome 136.0.7103.114,,,24-05-2025 23:01:32,24-05-2025 23:01:32,0.272s,PASSED
"click(findTestObject(""Brand/span_Brand""))",Chrome 136.0.7103.114,,,24-05-2025 23:01:32,24-05-2025 23:01:33,0.574s,PASSED
"setText(findTestObject(""Brand/input_name""), name)",Chrome 136.0.7103.114,,,24-05-2025 23:01:33,24-05-2025 23:01:34,1.139s,PASSED
"setText(findTestObject(""Brand/input_meta_title""), meta_title)",Chrome 136.0.7103.114,,,24-05-2025 23:01:34,24-05-2025 23:01:34,0.494s,PASSED
"setText(findTestObject(""Brand/textarea_description""), meta_description)",Chrome 136.0.7103.114,,,24-05-2025 23:01:34,24-05-2025 23:01:35,0.492s,PASSED
"click(findTestObject(""Brand/button_Save""))",Chrome 136.0.7103.114,,,24-05-2025 23:01:35,24-05-2025 23:01:35,0.257s,PASSED
"verifyTextPresent(message, false)",Chrome 136.0.7103.114,,,24-05-2025 23:01:35,24-05-2025 23:01:36,0.366s,FAILED
