Suite/Test/Step Name,Browser,Description,Tag,Start time,End time,Duration,Status
testsuite,,,,17-05-2025 16:35:51,17-05-2025 16:35:54,3.339s,ERROR
,,,,,,,
Test Cases/Login,,,,17-05-2025 16:35:52,17-05-2025 16:35:52,0.089s,ERROR
"DATA BINDING - {""expected_msg"":""Admin Example"",""password"":""123456"",""username"":""admin@example.com""}",,,,,,,
,,,,,,,
Test Cases/Login,,,,17-05-2025 16:35:53,17-05-2025 16:35:53,0.082s,ERROR
"DATA BINDING - {""expected_msg"":""Invalid login credentials"",""password"":""123"",""username"":""admin@example.com""}",,,,,,,
,,,,,,,
Test Cases/Login,,,,17-05-2025 16:35:53,17-05-2025 16:35:53,0.086s,ERROR
"DATA BINDING - {""expected_msg"":""Invalid login credentials"",""password"":""123456"",""username"":""test@example.com""}",,,,,,,
,,,,,,,
Test Cases/Login,,,,17-05-2025 16:35:54,17-05-2025 16:35:54,0.087s,ERROR
"DATA BINDING - {""(Default) usern..."":"""",""expected_msg"":""Please fill out this field"",""password"":""123456""}",,,,,,,
,,,,,,,
Test Cases/Login,,,,17-05-2025 16:35:54,17-05-2025 16:35:54,0.090s,ERROR
"DATA BINDING - {""expected_msg"":""Please fill out this field"",""(Default) passw..."":"""",""username"":""admin@example.com""}",,,,,,,
