Suite/Test/Step Name,Browser,Description,Tag,Start time,End time,Duration,Status
testsuite,Chrome 136.0.7103.114,,,17-05-2025 22:47:20,17-05-2025 22:48:11,50.947s,PASSED
,,,,,,,
Test Cases/Login,Chrome 136.0.7103.114,,,17-05-2025 22:47:20,17-05-2025 22:47:35,14.366s,PASSED
"DATA BINDING - {""expected_msg"":""Admin Example"",""password"":""123456"",""username"":""admin@example.com""}",,,,,,,
"openBrowser(""https://cms.anhtester.com/login"")",Chrome 136.0.7103.114,,,17-05-2025 22:47:21,17-05-2025 22:47:25,4.452s,PASSED
maximizeWindow(),Chrome 136.0.7103.114,,,17-05-2025 22:47:25,17-05-2025 22:47:26,0.739s,PASSED
"setText(findTestObject(""Page_Active eCommerce CMS  Anh Tester Demo/input_Welcome to Active eCommerce CMS_email""), username)",Chrome 136.0.7103.114,,,17-05-2025 22:47:26,17-05-2025 22:47:27,1.078s,PASSED
"setText(findTestObject(""Page_Active eCommerce CMS  Anh Tester Demo/input_Welcome to Active eCommerce CMS_password""), password)",Chrome 136.0.7103.114,,,17-05-2025 22:47:27,17-05-2025 22:47:28,0.812s,PASSED
"click(findTestObject(""Page_Active eCommerce CMS  Anh Tester Demo/span_Remember Me""))",Chrome 136.0.7103.114,,,17-05-2025 22:47:28,17-05-2025 22:47:28,0.455s,PASSED
"click(findTestObject(""Page_Active eCommerce CMS  Anh Tester Demo/button_Login""))",Chrome 136.0.7103.114,,,17-05-2025 22:47:28,17-05-2025 22:47:30,1.335s,PASSED
delay(2),Chrome 136.0.7103.114,,,17-05-2025 22:47:30,17-05-2025 22:47:32,2.043s,PASSED
"if (username == """")",Chrome 136.0.7103.114,,,17-05-2025 22:47:32,17-05-2025 22:47:32,0.002s,PASSED
"else if (password == """")",Chrome 136.0.7103.114,,,17-05-2025 22:47:32,17-05-2025 22:47:32,0.002s,PASSED
else,Chrome 136.0.7103.114,,,17-05-2025 22:47:32,17-05-2025 22:47:34,2.444s,PASSED
closeBrowser(),Chrome 136.0.7103.114,,,17-05-2025 22:47:34,17-05-2025 22:47:35,0.451s,PASSED
,,,,,,,
Test Cases/Login,Chrome 136.0.7103.114,,,17-05-2025 22:47:35,17-05-2025 22:47:45,10.035s,PASSED
"DATA BINDING - {""expected_msg"":""Invalid login credentials"",""password"":""123"",""username"":""admin@example.com""}",,,,,,,
"openBrowser(""https://cms.anhtester.com/login"")",Chrome 136.0.7103.114,,,17-05-2025 22:47:35,17-05-2025 22:47:37,2.507s,PASSED
maximizeWindow(),Chrome 136.0.7103.114,,,17-05-2025 22:47:37,17-05-2025 22:47:37,0.069s,PASSED
"setText(findTestObject(""Page_Active eCommerce CMS  Anh Tester Demo/input_Welcome to Active eCommerce CMS_email""), username)",Chrome 136.0.7103.114,,,17-05-2025 22:47:37,17-05-2025 22:47:38,0.774s,PASSED
"setText(findTestObject(""Page_Active eCommerce CMS  Anh Tester Demo/input_Welcome to Active eCommerce CMS_password""), password)",Chrome 136.0.7103.114,,,17-05-2025 22:47:38,17-05-2025 22:47:39,0.606s,PASSED
"click(findTestObject(""Page_Active eCommerce CMS  Anh Tester Demo/span_Remember Me""))",Chrome 136.0.7103.114,,,17-05-2025 22:47:39,17-05-2025 22:47:39,0.363s,PASSED
"click(findTestObject(""Page_Active eCommerce CMS  Anh Tester Demo/button_Login""))",Chrome 136.0.7103.114,,,17-05-2025 22:47:39,17-05-2025 22:47:40,0.978s,PASSED
delay(2),Chrome 136.0.7103.114,,,17-05-2025 22:47:40,17-05-2025 22:47:42,2.018s,PASSED
"if (username == """")",Chrome 136.0.7103.114,,,17-05-2025 22:47:42,17-05-2025 22:47:42,0.000s,PASSED
"else if (password == """")",Chrome 136.0.7103.114,,,17-05-2025 22:47:42,17-05-2025 22:47:42,0.001s,PASSED
else,Chrome 136.0.7103.114,,,17-05-2025 22:47:42,17-05-2025 22:47:44,2.292s,PASSED
closeBrowser(),Chrome 136.0.7103.114,,,17-05-2025 22:47:44,17-05-2025 22:47:45,0.336s,PASSED
,,,,,,,
Test Cases/Login,Chrome 136.0.7103.114,,,17-05-2025 22:47:45,17-05-2025 22:47:55,10.620s,PASSED
"DATA BINDING - {""expected_msg"":""Invalid login credentials"",""password"":""123456"",""username"":""test@example.com""}",,,,,,,
"openBrowser(""https://cms.anhtester.com/login"")",Chrome 136.0.7103.114,,,17-05-2025 22:47:45,17-05-2025 22:47:49,4.167s,PASSED
maximizeWindow(),Chrome 136.0.7103.114,,,17-05-2025 22:47:49,17-05-2025 22:47:49,0.055s,PASSED
"setText(findTestObject(""Page_Active eCommerce CMS  Anh Tester Demo/input_Welcome to Active eCommerce CMS_email""), username)",Chrome 136.0.7103.114,,,17-05-2025 22:47:49,17-05-2025 22:47:50,0.728s,PASSED
"setText(findTestObject(""Page_Active eCommerce CMS  Anh Tester Demo/input_Welcome to Active eCommerce CMS_password""), password)",Chrome 136.0.7103.114,,,17-05-2025 22:47:50,17-05-2025 22:47:50,0.582s,PASSED
"click(findTestObject(""Page_Active eCommerce CMS  Anh Tester Demo/span_Remember Me""))",Chrome 136.0.7103.114,,,17-05-2025 22:47:50,17-05-2025 22:47:51,0.303s,PASSED
"click(findTestObject(""Page_Active eCommerce CMS  Anh Tester Demo/button_Login""))",Chrome 136.0.7103.114,,,17-05-2025 22:47:51,17-05-2025 22:47:51,0.288s,PASSED
delay(2),Chrome 136.0.7103.114,,,17-05-2025 22:47:51,17-05-2025 22:47:53,2.016s,PASSED
"if (username == """")",Chrome 136.0.7103.114,,,17-05-2025 22:47:53,17-05-2025 22:47:53,0.000s,PASSED
"else if (password == """")",Chrome 136.0.7103.114,,,17-05-2025 22:47:53,17-05-2025 22:47:53,0.001s,PASSED
else,Chrome 136.0.7103.114,,,17-05-2025 22:47:53,17-05-2025 22:47:55,2.279s,PASSED
closeBrowser(),Chrome 136.0.7103.114,,,17-05-2025 22:47:55,17-05-2025 22:47:55,0.178s,PASSED
,,,,,,,
Test Cases/Login,Chrome 136.0.7103.114,,,17-05-2025 22:47:55,17-05-2025 22:48:03,7.118s,PASSED
"DATA BINDING - {""(Default) usern..."":"""",""expected_msg"":""Please fill out this field"",""password"":""123456""}",,,,,,,
"openBrowser(""https://cms.anhtester.com/login"")",Chrome 136.0.7103.114,,,17-05-2025 22:47:55,17-05-2025 22:47:58,2.561s,PASSED
maximizeWindow(),Chrome 136.0.7103.114,,,17-05-2025 22:47:58,17-05-2025 22:47:58,0.050s,PASSED
"setText(findTestObject(""Page_Active eCommerce CMS  Anh Tester Demo/input_Welcome to Active eCommerce CMS_email""), username)",Chrome 136.0.7103.114,,,17-05-2025 22:47:58,17-05-2025 22:47:59,0.741s,PASSED
"setText(findTestObject(""Page_Active eCommerce CMS  Anh Tester Demo/input_Welcome to Active eCommerce CMS_password""), password)",Chrome 136.0.7103.114,,,17-05-2025 22:47:59,17-05-2025 22:47:59,0.542s,PASSED
"click(findTestObject(""Page_Active eCommerce CMS  Anh Tester Demo/span_Remember Me""))",Chrome 136.0.7103.114,,,17-05-2025 22:47:59,17-05-2025 22:48:00,0.309s,PASSED
"click(findTestObject(""Page_Active eCommerce CMS  Anh Tester Demo/button_Login""))",Chrome 136.0.7103.114,,,17-05-2025 22:48:00,17-05-2025 22:48:00,0.328s,PASSED
delay(2),Chrome 136.0.7103.114,,,17-05-2025 22:48:00,17-05-2025 22:48:02,2.019s,PASSED
"if (username == """")",Chrome 136.0.7103.114,,,17-05-2025 22:48:02,17-05-2025 22:48:02,0.107s,PASSED
closeBrowser(),Chrome 136.0.7103.114,,,17-05-2025 22:48:02,17-05-2025 22:48:03,0.427s,PASSED
,,,,,,,
Test Cases/Login,Chrome 136.0.7103.114,,,17-05-2025 22:48:03,17-05-2025 22:48:11,7.995s,PASSED
"DATA BINDING - {""expected_msg"":""Please fill out this field"",""(Default) passw..."":"""",""username"":""admin@example.com""}",,,,,,,
"openBrowser(""https://cms.anhtester.com/login"")",Chrome 136.0.7103.114,,,17-05-2025 22:48:03,17-05-2025 22:48:06,3.105s,PASSED
maximizeWindow(),Chrome 136.0.7103.114,,,17-05-2025 22:48:06,17-05-2025 22:48:06,0.123s,PASSED
"setText(findTestObject(""Page_Active eCommerce CMS  Anh Tester Demo/input_Welcome to Active eCommerce CMS_email""), username)",Chrome 136.0.7103.114,,,17-05-2025 22:48:06,17-05-2025 22:48:07,0.710s,PASSED
"setText(findTestObject(""Page_Active eCommerce CMS  Anh Tester Demo/input_Welcome to Active eCommerce CMS_password""), password)",Chrome 136.0.7103.114,,,17-05-2025 22:48:07,17-05-2025 22:48:07,0.549s,PASSED
"click(findTestObject(""Page_Active eCommerce CMS  Anh Tester Demo/span_Remember Me""))",Chrome 136.0.7103.114,,,17-05-2025 22:48:07,17-05-2025 22:48:07,0.387s,PASSED
"click(findTestObject(""Page_Active eCommerce CMS  Anh Tester Demo/button_Login""))",Chrome 136.0.7103.114,,,17-05-2025 22:48:07,17-05-2025 22:48:08,0.348s,PASSED
delay(2),Chrome 136.0.7103.114,,,17-05-2025 22:48:08,17-05-2025 22:48:10,2.012s,PASSED
"if (username == """")",Chrome 136.0.7103.114,,,17-05-2025 22:48:10,17-05-2025 22:48:10,0.001s,PASSED
"else if (password == """")",Chrome 136.0.7103.114,,,17-05-2025 22:48:10,17-05-2025 22:48:10,0.075s,PASSED
closeBrowser(),Chrome 136.0.7103.114,,,17-05-2025 22:48:10,17-05-2025 22:48:11,0.661s,PASSED
