Suite/Test/Step Name,Browser,Description,Tag,Start time,End time,Duration,Status
testsuite,,,,17-05-2025 16:35:14,17-05-2025 16:35:18,3.853s,ERROR
,,,,,,,
Test Cases/Login,,,,17-05-2025 16:35:16,17-05-2025 16:35:16,0.089s,ERROR
"DATA BINDING - {""expected_msg"":""Admin Example"",""password"":""123456"",""username"":""admin@example.com""}",,,,,,,
,,,,,,,
Test Cases/Login,,,,17-05-2025 16:35:17,17-05-2025 16:35:17,0.187s,ERROR
"DATA BINDING - {""expected_msg"":""Invalid login credentials"",""password"":""123"",""username"":""admin@example.com""}",,,,,,,
,,,,,,,
Test Cases/Login,,,,17-05-2025 16:35:17,17-05-2025 16:35:17,0.107s,ERROR
"DATA BINDING - {""expected_msg"":""Invalid login credentials"",""password"":""123456"",""username"":""test@example.com""}",,,,,,,
,,,,,,,
Test Cases/Login,,,,17-05-2025 16:35:18,17-05-2025 16:35:18,0.079s,ERROR
"DATA BINDING - {""(Default) usern..."":"""",""expected_msg"":""Please fill out this field"",""password"":""123456""}",,,,,,,
,,,,,,,
Test Cases/Login,,,,17-05-2025 16:35:18,17-05-2025 16:35:18,0.118s,ERROR
"DATA BINDING - {""expected_msg"":""Please fill out this field"",""(Default) passw..."":"""",""username"":""admin@example.com""}",,,,,,,
