Suite/Test/Step Name,Browser,Description,Tag,Start time,End time,Duration,Status
Brand,Chrome 136.0.7103.114,,,22-05-2025 17:16:01,22-05-2025 17:17:23,1m - 21.447s,PASSED
,,,,,,,
Test Cases/Brand,Chrome 136.0.7103.114,,,22-05-2025 17:16:01,22-05-2025 17:16:24,22.125s,PASSED
"DATA BINDING - {""password"":""123456"",""search"":""nhan"",""meta_title"":""abc"",""name"":""nhan"",""message"":""Brand has been inserted successfully"",""meta_descriptio..."":""abc"",""email"":""admin@example.com""}",,,,,,,
"openBrowser(""https://cms.anhtester.com/login"")",Chrome 136.0.7103.114,,,22-05-2025 17:16:02,22-05-2025 17:16:06,3.792s,PASSED
"setText(findTestObject(""Page_Active eCommerce CMS  Anh Tester Demo/input_email""), email)",Chrome 136.0.7103.114,,,22-05-2025 17:16:06,22-05-2025 17:16:06,0.563s,PASSED
"setText(findTestObject(""Page_Active eCommerce CMS  Anh Tester Demo/input_password""), password)",Chrome 136.0.7103.114,,,22-05-2025 17:16:06,22-05-2025 17:16:07,0.492s,PASSED
"click(findTestObject(""Page_Active eCommerce CMS  Anh Tester Demo/check""))",Chrome 136.0.7103.114,,,22-05-2025 17:16:07,22-05-2025 17:16:07,0.277s,PASSED
"click(findTestObject(""Page_Active eCommerce CMS  Anh Tester Demo/button_Login""))",Chrome 136.0.7103.114,,,22-05-2025 17:16:07,22-05-2025 17:16:07,0.252s,PASSED
delay(3),Chrome 136.0.7103.114,,,22-05-2025 17:16:07,22-05-2025 17:16:10,3.017s,PASSED
"click(findTestObject(""Page_Active eCommerce CMS  Anh Tester Demo/menu""))",Chrome 136.0.7103.114,,,22-05-2025 17:16:10,22-05-2025 17:16:10,0.299s,PASSED
"click(findTestObject(""Page_Active eCommerce CMS  Anh Tester Demo/span_Products""))",Chrome 136.0.7103.114,,,22-05-2025 17:16:10,22-05-2025 17:16:11,0.282s,PASSED
"click(findTestObject(""Page_Active eCommerce CMS  Anh Tester Demo/span_Brand""))",Chrome 136.0.7103.114,,,22-05-2025 17:16:11,22-05-2025 17:16:11,0.610s,PASSED
"setText(findTestObject(""Page_Active eCommerce CMS  Anh Tester Demo/input_name""), name)",Chrome 136.0.7103.114,,,22-05-2025 17:16:11,22-05-2025 17:16:13,1.168s,PASSED
"setText(findTestObject(""Page_Active eCommerce CMS  Anh Tester Demo/input_meta_title""), meta_title)",Chrome 136.0.7103.114,,,22-05-2025 17:16:13,22-05-2025 17:16:13,0.543s,PASSED
"setText(findTestObject(""Page_Active eCommerce CMS  Anh Tester Demo/textarea_description""), meta_description)",Chrome 136.0.7103.114,,,22-05-2025 17:16:13,22-05-2025 17:16:14,0.518s,PASSED
"click(findTestObject(""Page_Active eCommerce CMS  Anh Tester Demo/button_Save""))",Chrome 136.0.7103.114,,,22-05-2025 17:16:14,22-05-2025 17:16:14,0.698s,PASSED
delay(3),Chrome 136.0.7103.114,,,22-05-2025 17:16:14,22-05-2025 17:16:17,3.015s,PASSED
"setText(findTestObject(""Page_Active eCommerce CMS  Anh Tester Demo/input_Brands_search""), search)",Chrome 136.0.7103.114,,,22-05-2025 17:16:17,22-05-2025 17:16:18,0.501s,PASSED
"sendKeys(findTestObject(""Page_Active eCommerce CMS  Anh Tester Demo/input_Brands_search""), Keys.chord(ENTER))",Chrome 136.0.7103.114,,,22-05-2025 17:16:18,22-05-2025 17:16:18,0.650s,PASSED
delay(5),Chrome 136.0.7103.114,,,22-05-2025 17:16:18,22-05-2025 17:16:23,5.008s,PASSED
closeBrowser(),Chrome 136.0.7103.114,,,22-05-2025 17:16:23,22-05-2025 17:16:24,0.151s,PASSED
,,,,,,,
Test Cases/Brand,Chrome 136.0.7103.114,,,22-05-2025 17:16:24,22-05-2025 17:16:43,19.685s,PASSED
"DATA BINDING - {""password"":""123456"",""search"":""diuanh"",""name"":""diuanh"",""(Default) meta_..."":"""",""message"":""Brand has been inserted successfully"",""email"":""admin@example.com""}",,,,,,,
"openBrowser(""https://cms.anhtester.com/login"")",Chrome 136.0.7103.114,,,22-05-2025 17:16:24,22-05-2025 17:16:25,1.514s,PASSED
"setText(findTestObject(""Page_Active eCommerce CMS  Anh Tester Demo/input_email""), email)",Chrome 136.0.7103.114,,,22-05-2025 17:16:25,22-05-2025 17:16:26,0.761s,PASSED
"setText(findTestObject(""Page_Active eCommerce CMS  Anh Tester Demo/input_password""), password)",Chrome 136.0.7103.114,,,22-05-2025 17:16:26,22-05-2025 17:16:26,0.509s,PASSED
"click(findTestObject(""Page_Active eCommerce CMS  Anh Tester Demo/check""))",Chrome 136.0.7103.114,,,22-05-2025 17:16:26,22-05-2025 17:16:27,0.281s,PASSED
"click(findTestObject(""Page_Active eCommerce CMS  Anh Tester Demo/button_Login""))",Chrome 136.0.7103.114,,,22-05-2025 17:16:27,22-05-2025 17:16:27,0.259s,PASSED
delay(3),Chrome 136.0.7103.114,,,22-05-2025 17:16:27,22-05-2025 17:16:30,3.014s,PASSED
"click(findTestObject(""Page_Active eCommerce CMS  Anh Tester Demo/menu""))",Chrome 136.0.7103.114,,,22-05-2025 17:16:30,22-05-2025 17:16:30,0.277s,PASSED
"click(findTestObject(""Page_Active eCommerce CMS  Anh Tester Demo/span_Products""))",Chrome 136.0.7103.114,,,22-05-2025 17:16:30,22-05-2025 17:16:31,0.274s,PASSED
"click(findTestObject(""Page_Active eCommerce CMS  Anh Tester Demo/span_Brand""))",Chrome 136.0.7103.114,,,22-05-2025 17:16:31,22-05-2025 17:16:32,1.219s,PASSED
"setText(findTestObject(""Page_Active eCommerce CMS  Anh Tester Demo/input_name""), name)",Chrome 136.0.7103.114,,,22-05-2025 17:16:32,22-05-2025 17:16:33,1.129s,PASSED
"setText(findTestObject(""Page_Active eCommerce CMS  Anh Tester Demo/input_meta_title""), meta_title)",Chrome 136.0.7103.114,,,22-05-2025 17:16:33,22-05-2025 17:16:33,0.495s,PASSED
"setText(findTestObject(""Page_Active eCommerce CMS  Anh Tester Demo/textarea_description""), meta_description)",Chrome 136.0.7103.114,,,22-05-2025 17:16:33,22-05-2025 17:16:34,0.506s,PASSED
"click(findTestObject(""Page_Active eCommerce CMS  Anh Tester Demo/button_Save""))",Chrome 136.0.7103.114,,,22-05-2025 17:16:34,22-05-2025 17:16:34,0.270s,PASSED
delay(3),Chrome 136.0.7103.114,,,22-05-2025 17:16:34,22-05-2025 17:16:37,3.006s,PASSED
"setText(findTestObject(""Page_Active eCommerce CMS  Anh Tester Demo/input_Brands_search""), search)",Chrome 136.0.7103.114,,,22-05-2025 17:16:37,22-05-2025 17:16:38,0.513s,PASSED
"sendKeys(findTestObject(""Page_Active eCommerce CMS  Anh Tester Demo/input_Brands_search""), Keys.chord(ENTER))",Chrome 136.0.7103.114,,,22-05-2025 17:16:38,22-05-2025 17:16:38,0.502s,PASSED
delay(5),Chrome 136.0.7103.114,,,22-05-2025 17:16:38,22-05-2025 17:16:43,5.009s,PASSED
closeBrowser(),Chrome 136.0.7103.114,,,22-05-2025 17:16:43,22-05-2025 17:16:43,0.120s,PASSED
,,,,,,,
Test Cases/Brand,Chrome 136.0.7103.114,,,22-05-2025 17:16:43,22-05-2025 17:17:03,19.742s,PASSED
"DATA BINDING - {""password"":""123456"",""meta_title"":""abc"",""(Default) searc..."":"""",""(Default) meta_..."":"""",""message"":""Please fill out this field."",""email"":""admin@example.com"",""(Default) name"":""""}",,,,,,,
"openBrowser(""https://cms.anhtester.com/login"")",Chrome 136.0.7103.114,,,22-05-2025 17:16:43,22-05-2025 17:16:45,1.213s,PASSED
"setText(findTestObject(""Page_Active eCommerce CMS  Anh Tester Demo/input_email""), email)",Chrome 136.0.7103.114,,,22-05-2025 17:16:45,22-05-2025 17:16:45,0.733s,PASSED
"setText(findTestObject(""Page_Active eCommerce CMS  Anh Tester Demo/input_password""), password)",Chrome 136.0.7103.114,,,22-05-2025 17:16:45,22-05-2025 17:16:46,0.507s,PASSED
"click(findTestObject(""Page_Active eCommerce CMS  Anh Tester Demo/check""))",Chrome 136.0.7103.114,,,22-05-2025 17:16:46,22-05-2025 17:16:46,0.265s,PASSED
"click(findTestObject(""Page_Active eCommerce CMS  Anh Tester Demo/button_Login""))",Chrome 136.0.7103.114,,,22-05-2025 17:16:46,22-05-2025 17:16:47,0.978s,PASSED
delay(3),Chrome 136.0.7103.114,,,22-05-2025 17:16:47,22-05-2025 17:16:50,3.020s,PASSED
"click(findTestObject(""Page_Active eCommerce CMS  Anh Tester Demo/menu""))",Chrome 136.0.7103.114,,,22-05-2025 17:16:50,22-05-2025 17:16:50,0.272s,PASSED
"click(findTestObject(""Page_Active eCommerce CMS  Anh Tester Demo/span_Products""))",Chrome 136.0.7103.114,,,22-05-2025 17:16:50,22-05-2025 17:16:51,0.270s,PASSED
"click(findTestObject(""Page_Active eCommerce CMS  Anh Tester Demo/span_Brand""))",Chrome 136.0.7103.114,,,22-05-2025 17:16:51,22-05-2025 17:16:51,0.801s,PASSED
"setText(findTestObject(""Page_Active eCommerce CMS  Anh Tester Demo/input_name""), name)",Chrome 136.0.7103.114,,,22-05-2025 17:16:51,22-05-2025 17:16:53,1.133s,PASSED
"setText(findTestObject(""Page_Active eCommerce CMS  Anh Tester Demo/input_meta_title""), meta_title)",Chrome 136.0.7103.114,,,22-05-2025 17:16:53,22-05-2025 17:16:53,0.500s,PASSED
"setText(findTestObject(""Page_Active eCommerce CMS  Anh Tester Demo/textarea_description""), meta_description)",Chrome 136.0.7103.114,,,22-05-2025 17:16:53,22-05-2025 17:16:54,0.499s,PASSED
"click(findTestObject(""Page_Active eCommerce CMS  Anh Tester Demo/button_Save""))",Chrome 136.0.7103.114,,,22-05-2025 17:16:54,22-05-2025 17:16:54,0.275s,PASSED
delay(3),Chrome 136.0.7103.114,,,22-05-2025 17:16:54,22-05-2025 17:16:57,3.001s,PASSED
"setText(findTestObject(""Page_Active eCommerce CMS  Anh Tester Demo/input_Brands_search""), search)",Chrome 136.0.7103.114,,,22-05-2025 17:16:57,22-05-2025 17:16:57,0.500s,PASSED
"sendKeys(findTestObject(""Page_Active eCommerce CMS  Anh Tester Demo/input_Brands_search""), Keys.chord(ENTER))",Chrome 136.0.7103.114,,,22-05-2025 17:16:57,22-05-2025 17:16:58,0.581s,PASSED
delay(5),Chrome 136.0.7103.114,,,22-05-2025 17:16:58,22-05-2025 17:17:03,5.002s,PASSED
closeBrowser(),Chrome 136.0.7103.114,,,22-05-2025 17:17:03,22-05-2025 17:17:03,0.150s,PASSED
,,,,,,,
Test Cases/Brand,Chrome 136.0.7103.114,,,22-05-2025 17:17:03,22-05-2025 17:17:23,19.503s,PASSED
"DATA BINDING - {""password"":""123456"",""(Default) searc..."":"""",""(Default) meta_..."":"""",""message"":""Please fill out this field."",""meta_descriptio..."":""abc"",""email"":""admin@example.com"",""(Default) name"":""""}",,,,,,,
"openBrowser(""https://cms.anhtester.com/login"")",Chrome 136.0.7103.114,,,22-05-2025 17:17:03,22-05-2025 17:17:04,1.290s,PASSED
"setText(findTestObject(""Page_Active eCommerce CMS  Anh Tester Demo/input_email""), email)",Chrome 136.0.7103.114,,,22-05-2025 17:17:04,22-05-2025 17:17:05,0.726s,PASSED
"setText(findTestObject(""Page_Active eCommerce CMS  Anh Tester Demo/input_password""), password)",Chrome 136.0.7103.114,,,22-05-2025 17:17:05,22-05-2025 17:17:06,0.509s,PASSED
"click(findTestObject(""Page_Active eCommerce CMS  Anh Tester Demo/check""))",Chrome 136.0.7103.114,,,22-05-2025 17:17:06,22-05-2025 17:17:06,0.280s,PASSED
"click(findTestObject(""Page_Active eCommerce CMS  Anh Tester Demo/button_Login""))",Chrome 136.0.7103.114,,,22-05-2025 17:17:06,22-05-2025 17:17:07,0.972s,PASSED
delay(3),Chrome 136.0.7103.114,,,22-05-2025 17:17:07,22-05-2025 17:17:10,3.016s,PASSED
"click(findTestObject(""Page_Active eCommerce CMS  Anh Tester Demo/menu""))",Chrome 136.0.7103.114,,,22-05-2025 17:17:10,22-05-2025 17:17:10,0.260s,PASSED
"click(findTestObject(""Page_Active eCommerce CMS  Anh Tester Demo/span_Products""))",Chrome 136.0.7103.114,,,22-05-2025 17:17:10,22-05-2025 17:17:10,0.274s,PASSED
"click(findTestObject(""Page_Active eCommerce CMS  Anh Tester Demo/span_Brand""))",Chrome 136.0.7103.114,,,22-05-2025 17:17:10,22-05-2025 17:17:11,0.581s,PASSED
"setText(findTestObject(""Page_Active eCommerce CMS  Anh Tester Demo/input_name""), name)",Chrome 136.0.7103.114,,,22-05-2025 17:17:11,22-05-2025 17:17:12,1.131s,PASSED
"setText(findTestObject(""Page_Active eCommerce CMS  Anh Tester Demo/input_meta_title""), meta_title)",Chrome 136.0.7103.114,,,22-05-2025 17:17:12,22-05-2025 17:17:13,0.500s,PASSED
"setText(findTestObject(""Page_Active eCommerce CMS  Anh Tester Demo/textarea_description""), meta_description)",Chrome 136.0.7103.114,,,22-05-2025 17:17:13,22-05-2025 17:17:13,0.502s,PASSED
"click(findTestObject(""Page_Active eCommerce CMS  Anh Tester Demo/button_Save""))",Chrome 136.0.7103.114,,,22-05-2025 17:17:13,22-05-2025 17:17:13,0.264s,PASSED
delay(3),Chrome 136.0.7103.114,,,22-05-2025 17:17:13,22-05-2025 17:17:16,3.004s,PASSED
"setText(findTestObject(""Page_Active eCommerce CMS  Anh Tester Demo/input_Brands_search""), search)",Chrome 136.0.7103.114,,,22-05-2025 17:17:16,22-05-2025 17:17:17,0.486s,PASSED
"sendKeys(findTestObject(""Page_Active eCommerce CMS  Anh Tester Demo/input_Brands_search""), Keys.chord(ENTER))",Chrome 136.0.7103.114,,,22-05-2025 17:17:17,22-05-2025 17:17:17,0.545s,PASSED
delay(5),Chrome 136.0.7103.114,,,22-05-2025 17:17:17,22-05-2025 17:17:22,5.016s,PASSED
closeBrowser(),Chrome 136.0.7103.114,,,22-05-2025 17:17:22,22-05-2025 17:17:23,0.130s,PASSED
