Suite/Test/Step Name,Browser,Description,Tag,Start time,End time,Duration,Status
testsuite,Chrome 136.0.7103.114,,,17-05-2025 15:30:01,17-05-2025 15:31:10,1m - 8.563s,PASSED
,,,,,,,
Test Cases/Login,Chrome 136.0.7103.114,,,17-05-2025 15:30:02,17-05-2025 15:30:29,27.338s,PASSED
"DATA BINDING - {""expected_msg"":""Admin Example"",""password"":""123456"",""username"":""admin@example.com""}",,,,,,,
username = username,Chrome 136.0.7103.114,,,17-05-2025 15:30:03,17-05-2025 15:30:03,0.006s,PASSED
password = password,Chrome 136.0.7103.114,,,17-05-2025 15:30:03,17-05-2025 15:30:03,0.002s,PASSED
expected_msg = expected_msg,Chrome 136.0.7103.114,,,17-05-2025 15:30:03,17-05-2025 15:30:03,0.003s,PASSED
"openBrowser(""https://cms.anhtester.com/login"")",Chrome 136.0.7103.114,,,17-05-2025 15:30:03,17-05-2025 15:30:14,11.241s,PASSED
maximizeWindow(),Chrome 136.0.7103.114,,,17-05-2025 15:30:14,17-05-2025 15:30:15,0.416s,PASSED
if (username),Chrome 136.0.7103.114,,,17-05-2025 15:30:15,17-05-2025 15:30:18,2.821s,PASSED
if (password),Chrome 136.0.7103.114,,,17-05-2025 15:30:18,17-05-2025 15:30:21,3.280s,PASSED
"click(findTestObject(""Page_Active eCommerce CMS  Anh Tester Demo/span_Remember Me""))",Chrome 136.0.7103.114,,,17-05-2025 15:30:21,17-05-2025 15:30:22,1.076s,PASSED
"click(findTestObject(""Page_Active eCommerce CMS  Anh Tester Demo/button_Login""))",Chrome 136.0.7103.114,,,17-05-2025 15:30:22,17-05-2025 15:30:25,2.912s,PASSED
delay(1),Chrome 136.0.7103.114,,,17-05-2025 15:30:25,17-05-2025 15:30:26,1.142s,PASSED
driver = getWebDriver(),Chrome 136.0.7103.114,,,17-05-2025 15:30:26,17-05-2025 15:30:26,0.014s,PASSED
field = null,Chrome 136.0.7103.114,,,17-05-2025 15:30:26,17-05-2025 15:30:26,0.004s,PASSED
if (!(username)),Chrome 136.0.7103.114,,,17-05-2025 15:30:26,17-05-2025 15:30:26,0.002s,PASSED
if (field != null),Chrome 136.0.7103.114,,,17-05-2025 15:30:26,17-05-2025 15:30:26,0.002s,PASSED
else,Chrome 136.0.7103.114,,,17-05-2025 15:30:26,17-05-2025 15:30:27,0.795s,PASSED
closeBrowser(),Chrome 136.0.7103.114,,,17-05-2025 15:30:27,17-05-2025 15:30:29,2.530s,PASSED
,,,,,,,
Test Cases/Login,Chrome 136.0.7103.114,,,17-05-2025 15:30:29,17-05-2025 15:30:43,13.846s,PASSED
"DATA BINDING - {""expected_msg"":""Invalid login credentials"",""password"":""123"",""username"":""admin@example.com""}",,,,,,,
username = username,Chrome 136.0.7103.114,,,17-05-2025 15:30:29,17-05-2025 15:30:29,0.001s,PASSED
password = password,Chrome 136.0.7103.114,,,17-05-2025 15:30:29,17-05-2025 15:30:29,0.000s,PASSED
expected_msg = expected_msg,Chrome 136.0.7103.114,,,17-05-2025 15:30:29,17-05-2025 15:30:29,0.000s,PASSED
"openBrowser(""https://cms.anhtester.com/login"")",Chrome 136.0.7103.114,,,17-05-2025 15:30:29,17-05-2025 15:30:39,9.138s,PASSED
maximizeWindow(),Chrome 136.0.7103.114,,,17-05-2025 15:30:39,17-05-2025 15:30:39,0.083s,PASSED
if (username),Chrome 136.0.7103.114,,,17-05-2025 15:30:39,17-05-2025 15:30:39,0.715s,PASSED
if (password),Chrome 136.0.7103.114,,,17-05-2025 15:30:39,17-05-2025 15:30:40,0.619s,PASSED
"click(findTestObject(""Page_Active eCommerce CMS  Anh Tester Demo/span_Remember Me""))",Chrome 136.0.7103.114,,,17-05-2025 15:30:40,17-05-2025 15:30:40,0.332s,PASSED
"click(findTestObject(""Page_Active eCommerce CMS  Anh Tester Demo/button_Login""))",Chrome 136.0.7103.114,,,17-05-2025 15:30:40,17-05-2025 15:30:42,1.243s,PASSED
delay(1),Chrome 136.0.7103.114,,,17-05-2025 15:30:42,17-05-2025 15:30:43,1.009s,PASSED
driver = getWebDriver(),Chrome 136.0.7103.114,,,17-05-2025 15:30:43,17-05-2025 15:30:43,0.001s,PASSED
field = null,Chrome 136.0.7103.114,,,17-05-2025 15:30:43,17-05-2025 15:30:43,0.000s,PASSED
if (!(username)),Chrome 136.0.7103.114,,,17-05-2025 15:30:43,17-05-2025 15:30:43,0.000s,PASSED
if (field != null),Chrome 136.0.7103.114,,,17-05-2025 15:30:43,17-05-2025 15:30:43,0.001s,PASSED
else,Chrome 136.0.7103.114,,,17-05-2025 15:30:43,17-05-2025 15:30:43,0.291s,PASSED
closeBrowser(),Chrome 136.0.7103.114,,,17-05-2025 15:30:43,17-05-2025 15:30:43,0.361s,PASSED
,,,,,,,
Test Cases/Login,Chrome 136.0.7103.114,,,17-05-2025 15:30:43,17-05-2025 15:30:50,7.218s,PASSED
"DATA BINDING - {""expected_msg"":""Invalid login credentials"",""password"":""123456"",""username"":""test@example.com""}",,,,,,,
username = username,Chrome 136.0.7103.114,,,17-05-2025 15:30:43,17-05-2025 15:30:43,0.001s,PASSED
password = password,Chrome 136.0.7103.114,,,17-05-2025 15:30:43,17-05-2025 15:30:43,0.001s,PASSED
expected_msg = expected_msg,Chrome 136.0.7103.114,,,17-05-2025 15:30:43,17-05-2025 15:30:43,0.001s,PASSED
"openBrowser(""https://cms.anhtester.com/login"")",Chrome 136.0.7103.114,,,17-05-2025 15:30:43,17-05-2025 15:30:46,2.585s,PASSED
maximizeWindow(),Chrome 136.0.7103.114,,,17-05-2025 15:30:46,17-05-2025 15:30:46,0.071s,PASSED
if (username),Chrome 136.0.7103.114,,,17-05-2025 15:30:46,17-05-2025 15:30:47,0.795s,PASSED
if (password),Chrome 136.0.7103.114,,,17-05-2025 15:30:47,17-05-2025 15:30:47,0.626s,PASSED
"click(findTestObject(""Page_Active eCommerce CMS  Anh Tester Demo/span_Remember Me""))",Chrome 136.0.7103.114,,,17-05-2025 15:30:47,17-05-2025 15:30:48,0.437s,PASSED
"click(findTestObject(""Page_Active eCommerce CMS  Anh Tester Demo/button_Login""))",Chrome 136.0.7103.114,,,17-05-2025 15:30:48,17-05-2025 15:30:49,0.782s,PASSED
delay(1),Chrome 136.0.7103.114,,,17-05-2025 15:30:49,17-05-2025 15:30:50,1.007s,PASSED
driver = getWebDriver(),Chrome 136.0.7103.114,,,17-05-2025 15:30:50,17-05-2025 15:30:50,0.001s,PASSED
field = null,Chrome 136.0.7103.114,,,17-05-2025 15:30:50,17-05-2025 15:30:50,0.001s,PASSED
if (!(username)),Chrome 136.0.7103.114,,,17-05-2025 15:30:50,17-05-2025 15:30:50,0.000s,PASSED
if (field != null),Chrome 136.0.7103.114,,,17-05-2025 15:30:50,17-05-2025 15:30:50,0.001s,PASSED
else,Chrome 136.0.7103.114,,,17-05-2025 15:30:50,17-05-2025 15:30:50,0.605s,PASSED
closeBrowser(),Chrome 136.0.7103.114,,,17-05-2025 15:30:50,17-05-2025 15:30:50,0.265s,PASSED
,,,,,,,
Test Cases/Login,Chrome 136.0.7103.114,,,17-05-2025 15:30:50,17-05-2025 15:31:02,11.741s,PASSED
"DATA BINDING - {""(Default) usern..."":"""",""expected_msg"":""Please fill out this field"",""password"":""123456""}",,,,,,,
username = username,Chrome 136.0.7103.114,,,17-05-2025 15:30:51,17-05-2025 15:30:51,0.001s,PASSED
password = password,Chrome 136.0.7103.114,,,17-05-2025 15:30:51,17-05-2025 15:30:51,0.000s,PASSED
expected_msg = expected_msg,Chrome 136.0.7103.114,,,17-05-2025 15:30:51,17-05-2025 15:30:51,0.001s,PASSED
"openBrowser(""https://cms.anhtester.com/login"")",Chrome 136.0.7103.114,,,17-05-2025 15:30:51,17-05-2025 15:30:53,2.740s,PASSED
maximizeWindow(),Chrome 136.0.7103.114,,,17-05-2025 15:30:53,17-05-2025 15:30:53,0.064s,PASSED
if (username),Chrome 136.0.7103.114,,,17-05-2025 15:30:53,17-05-2025 15:30:53,0.001s,PASSED
if (password),Chrome 136.0.7103.114,,,17-05-2025 15:30:53,17-05-2025 15:30:55,2.022s,PASSED
"click(findTestObject(""Page_Active eCommerce CMS  Anh Tester Demo/span_Remember Me""))",Chrome 136.0.7103.114,,,17-05-2025 15:30:55,17-05-2025 15:30:57,1.564s,PASSED
"click(findTestObject(""Page_Active eCommerce CMS  Anh Tester Demo/button_Login""))",Chrome 136.0.7103.114,,,17-05-2025 15:30:57,17-05-2025 15:30:58,1.264s,PASSED
delay(1),Chrome 136.0.7103.114,,,17-05-2025 15:30:58,17-05-2025 15:30:59,1.012s,PASSED
driver = getWebDriver(),Chrome 136.0.7103.114,,,17-05-2025 15:30:59,17-05-2025 15:30:59,0.005s,PASSED
field = null,Chrome 136.0.7103.114,,,17-05-2025 15:30:59,17-05-2025 15:30:59,0.001s,PASSED
if (!(username)),Chrome 136.0.7103.114,,,17-05-2025 15:30:59,17-05-2025 15:31:00,0.832s,PASSED
if (field != null),Chrome 136.0.7103.114,,,17-05-2025 15:31:00,17-05-2025 15:31:00,0.274s,PASSED
closeBrowser(),Chrome 136.0.7103.114,,,17-05-2025 15:31:00,17-05-2025 15:31:02,1.912s,PASSED
,,,,,,,
Test Cases/Login,Chrome 136.0.7103.114,,,17-05-2025 15:31:02,17-05-2025 15:31:09,7.219s,PASSED
"DATA BINDING - {""expected_msg"":""Please fill out this field"",""(Default) passw..."":"""",""username"":""admin@example.com""}",,,,,,,
username = username,Chrome 136.0.7103.114,,,17-05-2025 15:31:02,17-05-2025 15:31:02,0.000s,PASSED
password = password,Chrome 136.0.7103.114,,,17-05-2025 15:31:02,17-05-2025 15:31:02,0.001s,PASSED
expected_msg = expected_msg,Chrome 136.0.7103.114,,,17-05-2025 15:31:02,17-05-2025 15:31:02,0.000s,PASSED
"openBrowser(""https://cms.anhtester.com/login"")",Chrome 136.0.7103.114,,,17-05-2025 15:31:02,17-05-2025 15:31:05,2.784s,PASSED
maximizeWindow(),Chrome 136.0.7103.114,,,17-05-2025 15:31:05,17-05-2025 15:31:05,0.071s,PASSED
if (username),Chrome 136.0.7103.114,,,17-05-2025 15:31:05,17-05-2025 15:31:06,1.049s,PASSED
if (password),Chrome 136.0.7103.114,,,17-05-2025 15:31:06,17-05-2025 15:31:06,0.001s,PASSED
"click(findTestObject(""Page_Active eCommerce CMS  Anh Tester Demo/span_Remember Me""))",Chrome 136.0.7103.114,,,17-05-2025 15:31:06,17-05-2025 15:31:07,0.398s,PASSED
"click(findTestObject(""Page_Active eCommerce CMS  Anh Tester Demo/button_Login""))",Chrome 136.0.7103.114,,,17-05-2025 15:31:07,17-05-2025 15:31:07,0.427s,PASSED
delay(1),Chrome 136.0.7103.114,,,17-05-2025 15:31:07,17-05-2025 15:31:08,1.068s,PASSED
driver = getWebDriver(),Chrome 136.0.7103.114,,,17-05-2025 15:31:08,17-05-2025 15:31:08,0.009s,PASSED
field = null,Chrome 136.0.7103.114,,,17-05-2025 15:31:08,17-05-2025 15:31:08,0.001s,PASSED
if (!(username)),Chrome 136.0.7103.114,,,17-05-2025 15:31:08,17-05-2025 15:31:08,0.002s,PASSED
else if (!(password)),Chrome 136.0.7103.114,,,17-05-2025 15:31:08,17-05-2025 15:31:08,0.315s,PASSED
if (field != null),Chrome 136.0.7103.114,,,17-05-2025 15:31:08,17-05-2025 15:31:08,0.049s,PASSED
closeBrowser(),Chrome 136.0.7103.114,,,17-05-2025 15:31:08,17-05-2025 15:31:09,1.020s,PASSED
