Suite/Test/Step Name,Browser,Description,Tag,Start time,End time,Duration,Status
Brand,Chrome 136.0.7103.114,,,22-05-2025 17:25:09,22-05-2025 17:26:31,1m - 22.569s,PASSED
,,,,,,,
Test Cases/Brand,Chrome 136.0.7103.114,,,22-05-2025 17:25:09,22-05-2025 17:25:30,20.561s,PASSED
"DATA BINDING - {""password"":""123456"",""search"":""nhan"",""meta_title"":""abc"",""name"":""nhan"",""message"":""Brand has been inserted successfully"",""meta_descriptio..."":""abc"",""email"":""admin@example.com""}",,,,,,,
"openBrowser(""https://cms.anhtester.com/login"")",Chrome 136.0.7103.114,,,22-05-2025 17:25:09,22-05-2025 17:25:12,2.063s,PASSED
"setText(findTestObject(""Brand/input_email""), email)",Chrome 136.0.7103.114,,,22-05-2025 17:25:12,22-05-2025 17:25:12,0.783s,PASSED
"setText(findTestObject(""Brand/input_password""), password)",Chrome 136.0.7103.114,,,22-05-2025 17:25:12,22-05-2025 17:25:13,0.551s,PASSED
"click(findTestObject(""Brand/check""))",Chrome 136.0.7103.114,,,22-05-2025 17:25:13,22-05-2025 17:25:13,0.268s,PASSED
"click(findTestObject(""Brand/button_Login""))",Chrome 136.0.7103.114,,,22-05-2025 17:25:13,22-05-2025 17:25:13,0.262s,PASSED
delay(3),Chrome 136.0.7103.114,,,22-05-2025 17:25:13,22-05-2025 17:25:16,3.025s,PASSED
"click(findTestObject(""Brand/menu""))",Chrome 136.0.7103.114,,,22-05-2025 17:25:16,22-05-2025 17:25:17,0.286s,PASSED
"click(findTestObject(""Brand/span_Products""))",Chrome 136.0.7103.114,,,22-05-2025 17:25:17,22-05-2025 17:25:17,0.270s,PASSED
"click(findTestObject(""Brand/span_Brand""))",Chrome 136.0.7103.114,,,22-05-2025 17:25:17,22-05-2025 17:25:18,0.611s,PASSED
"setText(findTestObject(""Brand/input_name""), name)",Chrome 136.0.7103.114,,,22-05-2025 17:25:18,22-05-2025 17:25:19,1.166s,PASSED
"setText(findTestObject(""Brand/input_meta_title""), meta_title)",Chrome 136.0.7103.114,,,22-05-2025 17:25:19,22-05-2025 17:25:19,0.538s,PASSED
"setText(findTestObject(""Brand/textarea_description""), meta_description)",Chrome 136.0.7103.114,,,22-05-2025 17:25:19,22-05-2025 17:25:20,0.532s,PASSED
"click(findTestObject(""Brand/button_Save""))",Chrome 136.0.7103.114,,,22-05-2025 17:25:20,22-05-2025 17:25:20,0.639s,PASSED
delay(3),Chrome 136.0.7103.114,,,22-05-2025 17:25:20,22-05-2025 17:25:24,3.011s,PASSED
"setText(findTestObject(""Brand/input_Brands_search""), search)",Chrome 136.0.7103.114,,,22-05-2025 17:25:24,22-05-2025 17:25:24,0.493s,PASSED
"sendKeys(findTestObject(""Brand/input_Brands_search""), Keys.chord(ENTER))",Chrome 136.0.7103.114,,,22-05-2025 17:25:24,22-05-2025 17:25:25,0.554s,PASSED
delay(5),Chrome 136.0.7103.114,,,22-05-2025 17:25:25,22-05-2025 17:25:30,5.014s,PASSED
closeBrowser(),Chrome 136.0.7103.114,,,22-05-2025 17:25:30,22-05-2025 17:25:30,0.141s,PASSED
,,,,,,,
Test Cases/Brand,Chrome 136.0.7103.114,,,22-05-2025 17:25:30,22-05-2025 17:25:53,23.142s,PASSED
"DATA BINDING - {""password"":""123456"",""search"":""diuanh"",""name"":""diuanh"",""(Default) meta_..."":"""",""message"":""Brand has been inserted successfully"",""email"":""admin@example.com""}",,,,,,,
"openBrowser(""https://cms.anhtester.com/login"")",Chrome 136.0.7103.114,,,22-05-2025 17:25:30,22-05-2025 17:25:33,2.932s,PASSED
"setText(findTestObject(""Brand/input_email""), email)",Chrome 136.0.7103.114,,,22-05-2025 17:25:33,22-05-2025 17:25:33,0.657s,PASSED
"setText(findTestObject(""Brand/input_password""), password)",Chrome 136.0.7103.114,,,22-05-2025 17:25:33,22-05-2025 17:25:34,0.504s,PASSED
"click(findTestObject(""Brand/check""))",Chrome 136.0.7103.114,,,22-05-2025 17:25:34,22-05-2025 17:25:34,0.277s,PASSED
"click(findTestObject(""Brand/button_Login""))",Chrome 136.0.7103.114,,,22-05-2025 17:25:34,22-05-2025 17:25:36,1.504s,PASSED
delay(3),Chrome 136.0.7103.114,,,22-05-2025 17:25:36,22-05-2025 17:25:39,3.006s,PASSED
"click(findTestObject(""Brand/menu""))",Chrome 136.0.7103.114,,,22-05-2025 17:25:39,22-05-2025 17:25:39,0.286s,PASSED
"click(findTestObject(""Brand/span_Products""))",Chrome 136.0.7103.114,,,22-05-2025 17:25:39,22-05-2025 17:25:39,0.273s,PASSED
"click(findTestObject(""Brand/span_Brand""))",Chrome 136.0.7103.114,,,22-05-2025 17:25:39,22-05-2025 17:25:40,0.634s,PASSED
"setText(findTestObject(""Brand/input_name""), name)",Chrome 136.0.7103.114,,,22-05-2025 17:25:40,22-05-2025 17:25:41,1.133s,PASSED
"setText(findTestObject(""Brand/input_meta_title""), meta_title)",Chrome 136.0.7103.114,,,22-05-2025 17:25:41,22-05-2025 17:25:41,0.488s,PASSED
"setText(findTestObject(""Brand/textarea_description""), meta_description)",Chrome 136.0.7103.114,,,22-05-2025 17:25:41,22-05-2025 17:25:42,0.488s,PASSED
"click(findTestObject(""Brand/button_Save""))",Chrome 136.0.7103.114,,,22-05-2025 17:25:42,22-05-2025 17:25:43,0.633s,PASSED
delay(3),Chrome 136.0.7103.114,,,22-05-2025 17:25:43,22-05-2025 17:25:46,3.017s,PASSED
"setText(findTestObject(""Brand/input_Brands_search""), search)",Chrome 136.0.7103.114,,,22-05-2025 17:25:46,22-05-2025 17:25:46,0.493s,PASSED
"sendKeys(findTestObject(""Brand/input_Brands_search""), Keys.chord(ENTER))",Chrome 136.0.7103.114,,,22-05-2025 17:25:46,22-05-2025 17:25:48,1.637s,PASSED
delay(5),Chrome 136.0.7103.114,,,22-05-2025 17:25:48,22-05-2025 17:25:53,5.010s,PASSED
closeBrowser(),Chrome 136.0.7103.114,,,22-05-2025 17:25:53,22-05-2025 17:25:53,0.142s,PASSED
,,,,,,,
Test Cases/Brand,Chrome 136.0.7103.114,,,22-05-2025 17:25:53,22-05-2025 17:26:12,19.548s,PASSED
"DATA BINDING - {""password"":""123456"",""meta_title"":""abc"",""(Default) searc..."":"""",""(Default) meta_..."":"""",""message"":""Please fill out this field."",""email"":""admin@example.com"",""(Default) name"":""""}",,,,,,,
"openBrowser(""https://cms.anhtester.com/login"")",Chrome 136.0.7103.114,,,22-05-2025 17:25:53,22-05-2025 17:25:54,1.312s,PASSED
"setText(findTestObject(""Brand/input_email""), email)",Chrome 136.0.7103.114,,,22-05-2025 17:25:54,22-05-2025 17:25:55,0.754s,PASSED
"setText(findTestObject(""Brand/input_password""), password)",Chrome 136.0.7103.114,,,22-05-2025 17:25:55,22-05-2025 17:25:55,0.505s,PASSED
"click(findTestObject(""Brand/check""))",Chrome 136.0.7103.114,,,22-05-2025 17:25:55,22-05-2025 17:25:56,0.269s,PASSED
"click(findTestObject(""Brand/button_Login""))",Chrome 136.0.7103.114,,,22-05-2025 17:25:56,22-05-2025 17:25:57,0.985s,PASSED
delay(3),Chrome 136.0.7103.114,,,22-05-2025 17:25:57,22-05-2025 17:26:00,3.012s,PASSED
"click(findTestObject(""Brand/menu""))",Chrome 136.0.7103.114,,,22-05-2025 17:26:00,22-05-2025 17:26:00,0.274s,PASSED
"click(findTestObject(""Brand/span_Products""))",Chrome 136.0.7103.114,,,22-05-2025 17:26:00,22-05-2025 17:26:00,0.267s,PASSED
"click(findTestObject(""Brand/span_Brand""))",Chrome 136.0.7103.114,,,22-05-2025 17:26:00,22-05-2025 17:26:01,0.596s,PASSED
"setText(findTestObject(""Brand/input_name""), name)",Chrome 136.0.7103.114,,,22-05-2025 17:26:01,22-05-2025 17:26:02,1.133s,PASSED
"setText(findTestObject(""Brand/input_meta_title""), meta_title)",Chrome 136.0.7103.114,,,22-05-2025 17:26:02,22-05-2025 17:26:02,0.495s,PASSED
"setText(findTestObject(""Brand/textarea_description""), meta_description)",Chrome 136.0.7103.114,,,22-05-2025 17:26:02,22-05-2025 17:26:03,0.487s,PASSED
"click(findTestObject(""Brand/button_Save""))",Chrome 136.0.7103.114,,,22-05-2025 17:26:03,22-05-2025 17:26:03,0.255s,PASSED
delay(3),Chrome 136.0.7103.114,,,22-05-2025 17:26:03,22-05-2025 17:26:06,3.006s,PASSED
"setText(findTestObject(""Brand/input_Brands_search""), search)",Chrome 136.0.7103.114,,,22-05-2025 17:26:06,22-05-2025 17:26:07,0.496s,PASSED
"sendKeys(findTestObject(""Brand/input_Brands_search""), Keys.chord(ENTER))",Chrome 136.0.7103.114,,,22-05-2025 17:26:07,22-05-2025 17:26:07,0.534s,PASSED
delay(5),Chrome 136.0.7103.114,,,22-05-2025 17:26:07,22-05-2025 17:26:12,5.014s,PASSED
closeBrowser(),Chrome 136.0.7103.114,,,22-05-2025 17:26:12,22-05-2025 17:26:12,0.141s,PASSED
,,,,,,,
Test Cases/Brand,Chrome 136.0.7103.114,,,22-05-2025 17:26:12,22-05-2025 17:26:31,18.880s,PASSED
"DATA BINDING - {""password"":""123456"",""(Default) searc..."":"""",""(Default) meta_..."":"""",""message"":""Please fill out this field."",""meta_descriptio..."":""abc"",""email"":""admin@example.com"",""(Default) name"":""""}",,,,,,,
"openBrowser(""https://cms.anhtester.com/login"")",Chrome 136.0.7103.114,,,22-05-2025 17:26:12,22-05-2025 17:26:14,1.288s,PASSED
"setText(findTestObject(""Brand/input_email""), email)",Chrome 136.0.7103.114,,,22-05-2025 17:26:14,22-05-2025 17:26:14,0.730s,PASSED
"setText(findTestObject(""Brand/input_password""), password)",Chrome 136.0.7103.114,,,22-05-2025 17:26:14,22-05-2025 17:26:15,0.521s,PASSED
"click(findTestObject(""Brand/check""))",Chrome 136.0.7103.114,,,22-05-2025 17:26:15,22-05-2025 17:26:15,0.272s,PASSED
"click(findTestObject(""Brand/button_Login""))",Chrome 136.0.7103.114,,,22-05-2025 17:26:15,22-05-2025 17:26:16,0.252s,PASSED
delay(3),Chrome 136.0.7103.114,,,22-05-2025 17:26:16,22-05-2025 17:26:19,3.001s,PASSED
"click(findTestObject(""Brand/menu""))",Chrome 136.0.7103.114,,,22-05-2025 17:26:19,22-05-2025 17:26:19,0.274s,PASSED
"click(findTestObject(""Brand/span_Products""))",Chrome 136.0.7103.114,,,22-05-2025 17:26:19,22-05-2025 17:26:19,0.268s,PASSED
"click(findTestObject(""Brand/span_Brand""))",Chrome 136.0.7103.114,,,22-05-2025 17:26:19,22-05-2025 17:26:20,0.578s,PASSED
"setText(findTestObject(""Brand/input_name""), name)",Chrome 136.0.7103.114,,,22-05-2025 17:26:20,22-05-2025 17:26:21,1.136s,PASSED
"setText(findTestObject(""Brand/input_meta_title""), meta_title)",Chrome 136.0.7103.114,,,22-05-2025 17:26:21,22-05-2025 17:26:21,0.524s,PASSED
"setText(findTestObject(""Brand/textarea_description""), meta_description)",Chrome 136.0.7103.114,,,22-05-2025 17:26:21,22-05-2025 17:26:22,0.513s,PASSED
"click(findTestObject(""Brand/button_Save""))",Chrome 136.0.7103.114,,,22-05-2025 17:26:22,22-05-2025 17:26:22,0.263s,PASSED
delay(3),Chrome 136.0.7103.114,,,22-05-2025 17:26:22,22-05-2025 17:26:25,3.013s,PASSED
"setText(findTestObject(""Brand/input_Brands_search""), search)",Chrome 136.0.7103.114,,,22-05-2025 17:26:25,22-05-2025 17:26:26,0.501s,PASSED
"sendKeys(findTestObject(""Brand/input_Brands_search""), Keys.chord(ENTER))",Chrome 136.0.7103.114,,,22-05-2025 17:26:26,22-05-2025 17:26:26,0.562s,PASSED
delay(5),Chrome 136.0.7103.114,,,22-05-2025 17:26:26,22-05-2025 17:26:31,5.022s,PASSED
closeBrowser(),Chrome 136.0.7103.114,,,22-05-2025 17:26:31,22-05-2025 17:26:31,0.142s,PASSED
