Suite/Test/Step Name,Browser,Description,Tag,Start time,End time,Duration,Status
Brand,Chrome 136.0.7103.114,,,22-05-2025 17:31:28,22-05-2025 17:32:49,1m - 21.509s,PASSED
,,,,,,,
Test Cases/Brand,Chrome 136.0.7103.114,,,22-05-2025 17:31:28,22-05-2025 17:31:50,21.596s,PASSED
"DATA BINDING - {""password"":""123456"",""search"":""nhan"",""meta_title"":""abc"",""name"":""nhan"",""message"":""Brand has been inserted successfully"",""meta_descriptio..."":""abc"",""email"":""admin@example.com""}",,,,,,,
"openBrowser(""https://cms.anhtester.com/login"")",Chrome 136.0.7103.114,,,22-05-2025 17:31:28,22-05-2025 17:31:31,3.103s,PASSED
"setText(findTestObject(""Brand/input_email""), email)",Chrome 136.0.7103.114,,,22-05-2025 17:31:31,22-05-2025 17:31:32,0.813s,PASSED
"setText(findTestObject(""Brand/input_password""), password)",Chrome 136.0.7103.114,,,22-05-2025 17:31:32,22-05-2025 17:31:33,0.529s,PASSED
"click(findTestObject(""Brand/check""))",Chrome 136.0.7103.114,,,22-05-2025 17:31:33,22-05-2025 17:31:33,0.279s,PASSED
"click(findTestObject(""Brand/button_Login""))",Chrome 136.0.7103.114,,,22-05-2025 17:31:33,22-05-2025 17:31:33,0.265s,PASSED
delay(3),Chrome 136.0.7103.114,,,22-05-2025 17:31:33,22-05-2025 17:31:36,3.019s,PASSED
"click(findTestObject(""Brand/menu""))",Chrome 136.0.7103.114,,,22-05-2025 17:31:36,22-05-2025 17:31:37,0.301s,PASSED
"click(findTestObject(""Brand/span_Products""))",Chrome 136.0.7103.114,,,22-05-2025 17:31:37,22-05-2025 17:31:37,0.283s,PASSED
"click(findTestObject(""Brand/span_Brand""))",Chrome 136.0.7103.114,,,22-05-2025 17:31:37,22-05-2025 17:31:37,0.598s,PASSED
"setText(findTestObject(""Brand/input_name""), name)",Chrome 136.0.7103.114,,,22-05-2025 17:31:37,22-05-2025 17:31:39,1.146s,PASSED
"setText(findTestObject(""Brand/input_meta_title""), meta_title)",Chrome 136.0.7103.114,,,22-05-2025 17:31:39,22-05-2025 17:31:39,0.535s,PASSED
"setText(findTestObject(""Brand/textarea_description""), meta_description)",Chrome 136.0.7103.114,,,22-05-2025 17:31:39,22-05-2025 17:31:40,0.514s,PASSED
"click(findTestObject(""Brand/button_Save""))",Chrome 136.0.7103.114,,,22-05-2025 17:31:40,22-05-2025 17:31:40,0.671s,PASSED
delay(3),Chrome 136.0.7103.114,,,22-05-2025 17:31:40,22-05-2025 17:31:43,3.005s,PASSED
"setText(findTestObject(""Brand/input_Brands_search""), search)",Chrome 136.0.7103.114,,,22-05-2025 17:31:43,22-05-2025 17:31:44,0.500s,PASSED
"sendKeys(findTestObject(""Brand/input_Brands_search""), Keys.chord(ENTER))",Chrome 136.0.7103.114,,,22-05-2025 17:31:44,22-05-2025 17:31:44,0.574s,PASSED
delay(5),Chrome 136.0.7103.114,,,22-05-2025 17:31:44,22-05-2025 17:31:49,5.012s,PASSED
closeBrowser(),Chrome 136.0.7103.114,,,22-05-2025 17:31:49,22-05-2025 17:31:50,0.124s,PASSED
,,,,,,,
Test Cases/Brand,Chrome 136.0.7103.114,,,22-05-2025 17:31:50,22-05-2025 17:32:10,20.051s,PASSED
"DATA BINDING - {""password"":""123456"",""search"":""diuanh"",""name"":""diuanh"",""(Default) meta_..."":"""",""message"":""Brand has been inserted successfully"",""email"":""admin@example.com""}",,,,,,,
"openBrowser(""https://cms.anhtester.com/login"")",Chrome 136.0.7103.114,,,22-05-2025 17:31:50,22-05-2025 17:31:52,2.194s,PASSED
"setText(findTestObject(""Brand/input_email""), email)",Chrome 136.0.7103.114,,,22-05-2025 17:31:52,22-05-2025 17:31:52,0.528s,PASSED
"setText(findTestObject(""Brand/input_password""), password)",Chrome 136.0.7103.114,,,22-05-2025 17:31:52,22-05-2025 17:31:53,0.510s,PASSED
"click(findTestObject(""Brand/check""))",Chrome 136.0.7103.114,,,22-05-2025 17:31:53,22-05-2025 17:31:53,0.278s,PASSED
"click(findTestObject(""Brand/button_Login""))",Chrome 136.0.7103.114,,,22-05-2025 17:31:53,22-05-2025 17:31:53,0.256s,PASSED
delay(3),Chrome 136.0.7103.114,,,22-05-2025 17:31:53,22-05-2025 17:31:56,3.008s,PASSED
"click(findTestObject(""Brand/menu""))",Chrome 136.0.7103.114,,,22-05-2025 17:31:56,22-05-2025 17:31:57,0.274s,PASSED
"click(findTestObject(""Brand/span_Products""))",Chrome 136.0.7103.114,,,22-05-2025 17:31:57,22-05-2025 17:31:57,0.273s,PASSED
"click(findTestObject(""Brand/span_Brand""))",Chrome 136.0.7103.114,,,22-05-2025 17:31:57,22-05-2025 17:31:58,0.713s,PASSED
"setText(findTestObject(""Brand/input_name""), name)",Chrome 136.0.7103.114,,,22-05-2025 17:31:58,22-05-2025 17:31:59,1.135s,PASSED
"setText(findTestObject(""Brand/input_meta_title""), meta_title)",Chrome 136.0.7103.114,,,22-05-2025 17:31:59,22-05-2025 17:31:59,0.510s,PASSED
"setText(findTestObject(""Brand/textarea_description""), meta_description)",Chrome 136.0.7103.114,,,22-05-2025 17:31:59,22-05-2025 17:32:00,0.496s,PASSED
"click(findTestObject(""Brand/button_Save""))",Chrome 136.0.7103.114,,,22-05-2025 17:32:00,22-05-2025 17:32:00,0.633s,PASSED
delay(3),Chrome 136.0.7103.114,,,22-05-2025 17:32:00,22-05-2025 17:32:03,3.013s,PASSED
"setText(findTestObject(""Brand/input_Brands_search""), search)",Chrome 136.0.7103.114,,,22-05-2025 17:32:03,22-05-2025 17:32:04,0.493s,PASSED
"sendKeys(findTestObject(""Brand/input_Brands_search""), Keys.chord(ENTER))",Chrome 136.0.7103.114,,,22-05-2025 17:32:04,22-05-2025 17:32:04,0.566s,PASSED
delay(5),Chrome 136.0.7103.114,,,22-05-2025 17:32:04,22-05-2025 17:32:09,5.015s,PASSED
closeBrowser(),Chrome 136.0.7103.114,,,22-05-2025 17:32:09,22-05-2025 17:32:10,0.126s,PASSED
,,,,,,,
Test Cases/Brand,Chrome 136.0.7103.114,,,22-05-2025 17:32:10,22-05-2025 17:32:29,19.711s,PASSED
"DATA BINDING - {""password"":""123456"",""meta_title"":""abc"",""(Default) searc..."":"""",""(Default) meta_..."":"""",""message"":""Please fill out this field."",""email"":""admin@example.com"",""(Default) name"":""""}",,,,,,,
"openBrowser(""https://cms.anhtester.com/login"")",Chrome 136.0.7103.114,,,22-05-2025 17:32:10,22-05-2025 17:32:11,1.328s,PASSED
"setText(findTestObject(""Brand/input_email""), email)",Chrome 136.0.7103.114,,,22-05-2025 17:32:11,22-05-2025 17:32:12,0.749s,PASSED
"setText(findTestObject(""Brand/input_password""), password)",Chrome 136.0.7103.114,,,22-05-2025 17:32:12,22-05-2025 17:32:12,0.515s,PASSED
"click(findTestObject(""Brand/check""))",Chrome 136.0.7103.114,,,22-05-2025 17:32:12,22-05-2025 17:32:13,0.271s,PASSED
"click(findTestObject(""Brand/button_Login""))",Chrome 136.0.7103.114,,,22-05-2025 17:32:13,22-05-2025 17:32:13,0.263s,PASSED
delay(3),Chrome 136.0.7103.114,,,22-05-2025 17:32:13,22-05-2025 17:32:16,3.010s,PASSED
"click(findTestObject(""Brand/menu""))",Chrome 136.0.7103.114,,,22-05-2025 17:32:16,22-05-2025 17:32:16,0.277s,PASSED
"click(findTestObject(""Brand/span_Products""))",Chrome 136.0.7103.114,,,22-05-2025 17:32:16,22-05-2025 17:32:16,0.279s,PASSED
"click(findTestObject(""Brand/span_Brand""))",Chrome 136.0.7103.114,,,22-05-2025 17:32:16,22-05-2025 17:32:18,1.320s,PASSED
"setText(findTestObject(""Brand/input_name""), name)",Chrome 136.0.7103.114,,,22-05-2025 17:32:18,22-05-2025 17:32:19,1.134s,PASSED
"setText(findTestObject(""Brand/input_meta_title""), meta_title)",Chrome 136.0.7103.114,,,22-05-2025 17:32:19,22-05-2025 17:32:19,0.520s,PASSED
"setText(findTestObject(""Brand/textarea_description""), meta_description)",Chrome 136.0.7103.114,,,22-05-2025 17:32:19,22-05-2025 17:32:20,0.501s,PASSED
"click(findTestObject(""Brand/button_Save""))",Chrome 136.0.7103.114,,,22-05-2025 17:32:20,22-05-2025 17:32:20,0.260s,PASSED
delay(3),Chrome 136.0.7103.114,,,22-05-2025 17:32:20,22-05-2025 17:32:23,3.004s,PASSED
"setText(findTestObject(""Brand/input_Brands_search""), search)",Chrome 136.0.7103.114,,,22-05-2025 17:32:23,22-05-2025 17:32:24,0.525s,PASSED
"sendKeys(findTestObject(""Brand/input_Brands_search""), Keys.chord(ENTER))",Chrome 136.0.7103.114,,,22-05-2025 17:32:24,22-05-2025 17:32:24,0.589s,PASSED
delay(5),Chrome 136.0.7103.114,,,22-05-2025 17:32:24,22-05-2025 17:32:29,5.013s,PASSED
closeBrowser(),Chrome 136.0.7103.114,,,22-05-2025 17:32:29,22-05-2025 17:32:29,0.136s,PASSED
,,,,,,,
Test Cases/Brand,Chrome 136.0.7103.114,,,22-05-2025 17:32:29,22-05-2025 17:32:49,19.738s,PASSED
"DATA BINDING - {""password"":""123456"",""(Default) searc..."":"""",""(Default) meta_..."":"""",""message"":""Please fill out this field."",""meta_descriptio..."":""abc"",""email"":""admin@example.com"",""(Default) name"":""""}",,,,,,,
"openBrowser(""https://cms.anhtester.com/login"")",Chrome 136.0.7103.114,,,22-05-2025 17:32:29,22-05-2025 17:32:31,1.361s,PASSED
"setText(findTestObject(""Brand/input_email""), email)",Chrome 136.0.7103.114,,,22-05-2025 17:32:31,22-05-2025 17:32:31,0.744s,PASSED
"setText(findTestObject(""Brand/input_password""), password)",Chrome 136.0.7103.114,,,22-05-2025 17:32:31,22-05-2025 17:32:32,0.512s,PASSED
"click(findTestObject(""Brand/check""))",Chrome 136.0.7103.114,,,22-05-2025 17:32:32,22-05-2025 17:32:32,0.271s,PASSED
"click(findTestObject(""Brand/button_Login""))",Chrome 136.0.7103.114,,,22-05-2025 17:32:32,22-05-2025 17:32:33,1.064s,PASSED
delay(3),Chrome 136.0.7103.114,,,22-05-2025 17:32:33,22-05-2025 17:32:36,3.011s,PASSED
"click(findTestObject(""Brand/menu""))",Chrome 136.0.7103.114,,,22-05-2025 17:32:36,22-05-2025 17:32:37,0.262s,PASSED
"click(findTestObject(""Brand/span_Products""))",Chrome 136.0.7103.114,,,22-05-2025 17:32:37,22-05-2025 17:32:37,0.265s,PASSED
"click(findTestObject(""Brand/span_Brand""))",Chrome 136.0.7103.114,,,22-05-2025 17:32:37,22-05-2025 17:32:37,0.609s,PASSED
"setText(findTestObject(""Brand/input_name""), name)",Chrome 136.0.7103.114,,,22-05-2025 17:32:37,22-05-2025 17:32:39,1.136s,PASSED
"setText(findTestObject(""Brand/input_meta_title""), meta_title)",Chrome 136.0.7103.114,,,22-05-2025 17:32:39,22-05-2025 17:32:39,0.517s,PASSED
"setText(findTestObject(""Brand/textarea_description""), meta_description)",Chrome 136.0.7103.114,,,22-05-2025 17:32:39,22-05-2025 17:32:40,0.493s,PASSED
"click(findTestObject(""Brand/button_Save""))",Chrome 136.0.7103.114,,,22-05-2025 17:32:40,22-05-2025 17:32:40,0.269s,PASSED
delay(3),Chrome 136.0.7103.114,,,22-05-2025 17:32:40,22-05-2025 17:32:43,3.009s,PASSED
"setText(findTestObject(""Brand/input_Brands_search""), search)",Chrome 136.0.7103.114,,,22-05-2025 17:32:43,22-05-2025 17:32:43,0.491s,PASSED
"sendKeys(findTestObject(""Brand/input_Brands_search""), Keys.chord(ENTER))",Chrome 136.0.7103.114,,,22-05-2025 17:32:43,22-05-2025 17:32:44,0.583s,PASSED
delay(5),Chrome 136.0.7103.114,,,22-05-2025 17:32:44,22-05-2025 17:32:49,5.003s,PASSED
closeBrowser(),Chrome 136.0.7103.114,,,22-05-2025 17:32:49,22-05-2025 17:32:49,0.125s,PASSED
