Suite/Test/Step Name,Browser,Description,Tag,Start time,End time,Duration,Status
testsuite,Chrome 136.0.7103.114,,,17-05-2025 16:37:18,17-05-2025 16:37:52,34.416s,FAILED
,,,,,,,
Test Cases/Login,Chrome 136.0.7103.114,,,17-05-2025 16:37:44,17-05-2025 16:37:52,7.458s,FAILED
"DATA BINDING - {""(Default) usern..."":"""",""(Default) passw..."":"""",""(Default) expec..."":""""}",,,,,,,
"openBrowser(""https://cms.anhtester.com/login"")",Chrome 136.0.7103.114,,,17-05-2025 16:37:44,17-05-2025 16:37:49,4.676s,PASSED
maximizeWindow(),Chrome 136.0.7103.114,,,17-05-2025 16:37:49,17-05-2025 16:37:49,0.073s,PASSED
"setText(findTestObject(""Page_Active eCommerce CMS  Anh Tester Demo/input_Welcome to Active eCommerce CMS_email""), username)",Chrome 136.0.7103.114,,,17-05-2025 16:37:49,17-05-2025 16:37:50,0.785s,PASSED
"setText(findTestObject(""Page_Active eCommerce CMS  Anh Tester Demo/input_Welcome to Active eCommerce CMS_password""), password)",Chrome 136.0.7103.114,,,17-05-2025 16:37:50,17-05-2025 16:37:50,0.717s,PASSED
"click(findTestObject(""Page_Active eCommerce CMS  Anh Tester Demo/span_Remember Me""))",Chrome 136.0.7103.114,,,17-05-2025 16:37:50,17-05-2025 16:37:51,0.428s,PASSED
"click(findTestObject(""Page_Active eCommerce CMS  Anh Tester Demo/button_Login""))",Chrome 136.0.7103.114,,,17-05-2025 16:37:51,17-05-2025 16:37:51,0.351s,PASSED
if (!(username)),Chrome 136.0.7103.114,,,17-05-2025 16:37:51,17-05-2025 16:37:52,0.350s,FAILED
