Suite/Test/Step Name,Browser,Description,Tag,Start time,End time,Duration,Status
Brand,Chrome 136.0.7103.114,,,22-05-2025 17:23:11,22-05-2025 17:24:33,1m - 21.803s,PASSED
,,,,,,,
Test Cases/Brand,Chrome 136.0.7103.114,,,22-05-2025 17:23:11,22-05-2025 17:23:33,21.164s,PASSED
"DATA BINDING - {""password"":""123456"",""search"":""nhan"",""meta_title"":""abc"",""name"":""nhan"",""message"":""Brand has been inserted successfully"",""meta_descriptio..."":""abc"",""email"":""admin@example.com""}",,,,,,,
"openBrowser(""https://cms.anhtester.com/login"")",Chrome 136.0.7103.114,,,22-05-2025 17:23:12,22-05-2025 17:23:14,2.712s,PASSED
"setText(findTestObject(""Brand/input_email""), email)",Chrome 136.0.7103.114,,,22-05-2025 17:23:14,22-05-2025 17:23:15,0.676s,PASSED
"setText(findTestObject(""Brand/input_password""), password)",Chrome 136.0.7103.114,,,22-05-2025 17:23:15,22-05-2025 17:23:16,0.513s,PASSED
"click(findTestObject(""Brand/check""))",Chrome 136.0.7103.114,,,22-05-2025 17:23:16,22-05-2025 17:23:16,0.273s,PASSED
"click(findTestObject(""Brand/button_Login""))",Chrome 136.0.7103.114,,,22-05-2025 17:23:16,22-05-2025 17:23:16,0.252s,PASSED
delay(3),Chrome 136.0.7103.114,,,22-05-2025 17:23:16,22-05-2025 17:23:19,3.036s,PASSED
"click(findTestObject(""Brand/menu""))",Chrome 136.0.7103.114,,,22-05-2025 17:23:19,22-05-2025 17:23:19,0.275s,PASSED
"click(findTestObject(""Brand/span_Products""))",Chrome 136.0.7103.114,,,22-05-2025 17:23:19,22-05-2025 17:23:20,0.274s,PASSED
"click(findTestObject(""Brand/span_Brand""))",Chrome 136.0.7103.114,,,22-05-2025 17:23:20,22-05-2025 17:23:20,0.634s,PASSED
"setText(findTestObject(""Brand/input_name""), name)",Chrome 136.0.7103.114,,,22-05-2025 17:23:20,22-05-2025 17:23:22,1.168s,PASSED
"setText(findTestObject(""Brand/input_meta_title""), meta_title)",Chrome 136.0.7103.114,,,22-05-2025 17:23:22,22-05-2025 17:23:22,0.543s,PASSED
"setText(findTestObject(""Brand/textarea_description""), meta_description)",Chrome 136.0.7103.114,,,22-05-2025 17:23:22,22-05-2025 17:23:23,0.549s,PASSED
"click(findTestObject(""Brand/button_Save""))",Chrome 136.0.7103.114,,,22-05-2025 17:23:23,22-05-2025 17:23:23,0.661s,PASSED
delay(3),Chrome 136.0.7103.114,,,22-05-2025 17:23:23,22-05-2025 17:23:26,3.005s,PASSED
"setText(findTestObject(""Brand/input_Brands_search""), search)",Chrome 136.0.7103.114,,,22-05-2025 17:23:26,22-05-2025 17:23:27,0.506s,PASSED
"sendKeys(findTestObject(""Brand/input_Brands_search""), Keys.chord(ENTER))",Chrome 136.0.7103.114,,,22-05-2025 17:23:27,22-05-2025 17:23:27,0.599s,PASSED
delay(5),Chrome 136.0.7103.114,,,22-05-2025 17:23:27,22-05-2025 17:23:32,5.012s,PASSED
closeBrowser(),Chrome 136.0.7103.114,,,22-05-2025 17:23:32,22-05-2025 17:23:33,0.137s,PASSED
,,,,,,,
Test Cases/Brand,Chrome 136.0.7103.114,,,22-05-2025 17:23:33,22-05-2025 17:23:53,20.509s,PASSED
"DATA BINDING - {""password"":""123456"",""search"":""diuanh"",""name"":""diuanh"",""(Default) meta_..."":"""",""message"":""Brand has been inserted successfully"",""email"":""admin@example.com""}",,,,,,,
"openBrowser(""https://cms.anhtester.com/login"")",Chrome 136.0.7103.114,,,22-05-2025 17:23:33,22-05-2025 17:23:35,2.530s,PASSED
"setText(findTestObject(""Brand/input_email""), email)",Chrome 136.0.7103.114,,,22-05-2025 17:23:35,22-05-2025 17:23:36,0.754s,PASSED
"setText(findTestObject(""Brand/input_password""), password)",Chrome 136.0.7103.114,,,22-05-2025 17:23:36,22-05-2025 17:23:36,0.509s,PASSED
"click(findTestObject(""Brand/check""))",Chrome 136.0.7103.114,,,22-05-2025 17:23:36,22-05-2025 17:23:37,0.276s,PASSED
"click(findTestObject(""Brand/button_Login""))",Chrome 136.0.7103.114,,,22-05-2025 17:23:37,22-05-2025 17:23:37,0.257s,PASSED
delay(3),Chrome 136.0.7103.114,,,22-05-2025 17:23:37,22-05-2025 17:23:40,3.015s,PASSED
"click(findTestObject(""Brand/menu""))",Chrome 136.0.7103.114,,,22-05-2025 17:23:40,22-05-2025 17:23:40,0.272s,PASSED
"click(findTestObject(""Brand/span_Products""))",Chrome 136.0.7103.114,,,22-05-2025 17:23:40,22-05-2025 17:23:40,0.268s,PASSED
"click(findTestObject(""Brand/span_Brand""))",Chrome 136.0.7103.114,,,22-05-2025 17:23:40,22-05-2025 17:23:41,0.618s,PASSED
"setText(findTestObject(""Brand/input_name""), name)",Chrome 136.0.7103.114,,,22-05-2025 17:23:41,22-05-2025 17:23:42,1.171s,PASSED
"setText(findTestObject(""Brand/input_meta_title""), meta_title)",Chrome 136.0.7103.114,,,22-05-2025 17:23:42,22-05-2025 17:23:43,0.493s,PASSED
"setText(findTestObject(""Brand/textarea_description""), meta_description)",Chrome 136.0.7103.114,,,22-05-2025 17:23:43,22-05-2025 17:23:43,0.513s,PASSED
"click(findTestObject(""Brand/button_Save""))",Chrome 136.0.7103.114,,,22-05-2025 17:23:43,22-05-2025 17:23:44,0.657s,PASSED
delay(3),Chrome 136.0.7103.114,,,22-05-2025 17:23:44,22-05-2025 17:23:47,3.013s,PASSED
"setText(findTestObject(""Brand/input_Brands_search""), search)",Chrome 136.0.7103.114,,,22-05-2025 17:23:47,22-05-2025 17:23:47,0.498s,PASSED
"sendKeys(findTestObject(""Brand/input_Brands_search""), Keys.chord(ENTER))",Chrome 136.0.7103.114,,,22-05-2025 17:23:47,22-05-2025 17:23:48,0.491s,PASSED
delay(5),Chrome 136.0.7103.114,,,22-05-2025 17:23:48,22-05-2025 17:23:53,5.003s,PASSED
closeBrowser(),Chrome 136.0.7103.114,,,22-05-2025 17:23:53,22-05-2025 17:23:53,0.145s,PASSED
,,,,,,,
Test Cases/Brand,Chrome 136.0.7103.114,,,22-05-2025 17:23:53,22-05-2025 17:24:13,20.195s,PASSED
"DATA BINDING - {""password"":""123456"",""meta_title"":""abc"",""(Default) searc..."":"""",""(Default) meta_..."":"""",""message"":""Please fill out this field."",""email"":""admin@example.com"",""(Default) name"":""""}",,,,,,,
"openBrowser(""https://cms.anhtester.com/login"")",Chrome 136.0.7103.114,,,22-05-2025 17:23:53,22-05-2025 17:23:55,1.866s,PASSED
"setText(findTestObject(""Brand/input_email""), email)",Chrome 136.0.7103.114,,,22-05-2025 17:23:55,22-05-2025 17:23:55,0.517s,PASSED
"setText(findTestObject(""Brand/input_password""), password)",Chrome 136.0.7103.114,,,22-05-2025 17:23:55,22-05-2025 17:23:56,0.494s,PASSED
"click(findTestObject(""Brand/check""))",Chrome 136.0.7103.114,,,22-05-2025 17:23:56,22-05-2025 17:23:56,0.274s,PASSED
"click(findTestObject(""Brand/button_Login""))",Chrome 136.0.7103.114,,,22-05-2025 17:23:56,22-05-2025 17:23:57,1.214s,PASSED
delay(3),Chrome 136.0.7103.114,,,22-05-2025 17:23:57,22-05-2025 17:24:00,3.006s,PASSED
"click(findTestObject(""Brand/menu""))",Chrome 136.0.7103.114,,,22-05-2025 17:24:00,22-05-2025 17:24:01,0.264s,PASSED
"click(findTestObject(""Brand/span_Products""))",Chrome 136.0.7103.114,,,22-05-2025 17:24:01,22-05-2025 17:24:01,0.262s,PASSED
"click(findTestObject(""Brand/span_Brand""))",Chrome 136.0.7103.114,,,22-05-2025 17:24:01,22-05-2025 17:24:02,0.612s,PASSED
"setText(findTestObject(""Brand/input_name""), name)",Chrome 136.0.7103.114,,,22-05-2025 17:24:02,22-05-2025 17:24:03,1.133s,PASSED
"setText(findTestObject(""Brand/input_meta_title""), meta_title)",Chrome 136.0.7103.114,,,22-05-2025 17:24:03,22-05-2025 17:24:03,0.517s,PASSED
"setText(findTestObject(""Brand/textarea_description""), meta_description)",Chrome 136.0.7103.114,,,22-05-2025 17:24:03,22-05-2025 17:24:04,0.527s,PASSED
"click(findTestObject(""Brand/button_Save""))",Chrome 136.0.7103.114,,,22-05-2025 17:24:04,22-05-2025 17:24:04,0.265s,PASSED
delay(3),Chrome 136.0.7103.114,,,22-05-2025 17:24:04,22-05-2025 17:24:07,3.007s,PASSED
"setText(findTestObject(""Brand/input_Brands_search""), search)",Chrome 136.0.7103.114,,,22-05-2025 17:24:07,22-05-2025 17:24:08,0.501s,PASSED
"sendKeys(findTestObject(""Brand/input_Brands_search""), Keys.chord(ENTER))",Chrome 136.0.7103.114,,,22-05-2025 17:24:08,22-05-2025 17:24:08,0.565s,PASSED
delay(5),Chrome 136.0.7103.114,,,22-05-2025 17:24:08,22-05-2025 17:24:13,5.005s,PASSED
closeBrowser(),Chrome 136.0.7103.114,,,22-05-2025 17:24:13,22-05-2025 17:24:13,0.144s,PASSED
,,,,,,,
Test Cases/Brand,Chrome 136.0.7103.114,,,22-05-2025 17:24:13,22-05-2025 17:24:33,19.455s,PASSED
"DATA BINDING - {""password"":""123456"",""(Default) searc..."":"""",""(Default) meta_..."":"""",""message"":""Please fill out this field."",""meta_descriptio..."":""abc"",""email"":""admin@example.com"",""(Default) name"":""""}",,,,,,,
"openBrowser(""https://cms.anhtester.com/login"")",Chrome 136.0.7103.114,,,22-05-2025 17:24:13,22-05-2025 17:24:15,1.912s,PASSED
"setText(findTestObject(""Brand/input_email""), email)",Chrome 136.0.7103.114,,,22-05-2025 17:24:15,22-05-2025 17:24:16,0.743s,PASSED
"setText(findTestObject(""Brand/input_password""), password)",Chrome 136.0.7103.114,,,22-05-2025 17:24:16,22-05-2025 17:24:16,0.504s,PASSED
"click(findTestObject(""Brand/check""))",Chrome 136.0.7103.114,,,22-05-2025 17:24:16,22-05-2025 17:24:17,0.274s,PASSED
"click(findTestObject(""Brand/button_Login""))",Chrome 136.0.7103.114,,,22-05-2025 17:24:17,22-05-2025 17:24:17,0.260s,PASSED
delay(3),Chrome 136.0.7103.114,,,22-05-2025 17:24:17,22-05-2025 17:24:20,3.007s,PASSED
"click(findTestObject(""Brand/menu""))",Chrome 136.0.7103.114,,,22-05-2025 17:24:20,22-05-2025 17:24:20,0.267s,PASSED
"click(findTestObject(""Brand/span_Products""))",Chrome 136.0.7103.114,,,22-05-2025 17:24:20,22-05-2025 17:24:21,0.273s,PASSED
"click(findTestObject(""Brand/span_Brand""))",Chrome 136.0.7103.114,,,22-05-2025 17:24:21,22-05-2025 17:24:21,0.605s,PASSED
"setText(findTestObject(""Brand/input_name""), name)",Chrome 136.0.7103.114,,,22-05-2025 17:24:21,22-05-2025 17:24:22,1.136s,PASSED
"setText(findTestObject(""Brand/input_meta_title""), meta_title)",Chrome 136.0.7103.114,,,22-05-2025 17:24:22,22-05-2025 17:24:23,0.491s,PASSED
"setText(findTestObject(""Brand/textarea_description""), meta_description)",Chrome 136.0.7103.114,,,22-05-2025 17:24:23,22-05-2025 17:24:23,0.480s,PASSED
"click(findTestObject(""Brand/button_Save""))",Chrome 136.0.7103.114,,,22-05-2025 17:24:23,22-05-2025 17:24:24,0.284s,PASSED
delay(3),Chrome 136.0.7103.114,,,22-05-2025 17:24:24,22-05-2025 17:24:27,3.015s,PASSED
"setText(findTestObject(""Brand/input_Brands_search""), search)",Chrome 136.0.7103.114,,,22-05-2025 17:24:27,22-05-2025 17:24:27,0.491s,PASSED
"sendKeys(findTestObject(""Brand/input_Brands_search""), Keys.chord(ENTER))",Chrome 136.0.7103.114,,,22-05-2025 17:24:27,22-05-2025 17:24:28,0.542s,PASSED
delay(5),Chrome 136.0.7103.114,,,22-05-2025 17:24:28,22-05-2025 17:24:33,5.009s,PASSED
closeBrowser(),Chrome 136.0.7103.114,,,22-05-2025 17:24:33,22-05-2025 17:24:33,0.144s,PASSED
