Suite/Test/Step Name,Browser,Description,Tag,Start time,End time,Duration,Status
testsuite,,,,17-05-2025 16:48:47,17-05-2025 16:48:51,3.905s,ERROR
,,,,,,,
Test Cases/Login,,,,17-05-2025 16:48:49,17-05-2025 16:48:49,0.057s,ERROR
"DATA BINDING - {""expected_msg"":""Admin Example"",""password"":""123456"",""username"":""admin@example.com""}",,,,,,,
"rowCount = findTestData(""LoginData"").getRowNumbers()",,,,17-05-2025 16:48:49,17-05-2025 16:48:49,0.015s,ERROR
,,,,,,,
Test Cases/Login,,,,17-05-2025 16:48:49,17-05-2025 16:48:49,0.086s,ERROR
"DATA BINDING - {""expected_msg"":""Invalid login credentials"",""password"":""123"",""username"":""admin@example.com""}",,,,,,,
"rowCount = findTestData(""LoginData"").getRowNumbers()",,,,17-05-2025 16:48:49,17-05-2025 16:48:49,0.010s,ERROR
,,,,,,,
Test Cases/Login,,,,17-05-2025 16:48:50,17-05-2025 16:48:50,0.402s,ERROR
"DATA BINDING - {""expected_msg"":""Invalid login credentials"",""password"":""123456"",""username"":""test@example.com""}",,,,,,,
"rowCount = findTestData(""LoginData"").getRowNumbers()",,,,17-05-2025 16:48:50,17-05-2025 16:48:50,0.241s,ERROR
,,,,,,,
Test Cases/Login,,,,17-05-2025 16:48:50,17-05-2025 16:48:50,0.030s,ERROR
"DATA BINDING - {""(Default) usern..."":"""",""expected_msg"":""Please fill out this field"",""password"":""123456""}",,,,,,,
"rowCount = findTestData(""LoginData"").getRowNumbers()",,,,17-05-2025 16:48:50,17-05-2025 16:48:50,0.004s,ERROR
,,,,,,,
Test Cases/Login,,,,17-05-2025 16:48:50,17-05-2025 16:48:50,0.036s,ERROR
"DATA BINDING - {""expected_msg"":""Please fill out this field"",""(Default) passw..."":"""",""username"":""admin@example.com""}",,,,,,,
"rowCount = findTestData(""LoginData"").getRowNumbers()",,,,17-05-2025 16:48:50,17-05-2025 16:48:50,0.004s,ERROR
