Suite/Test/Step Name,Browser,Description,Tag,Start time,End time,Duration,Status
Brand,Chrome 136.0.7103.114,,,25-05-2025 00:15:51,25-05-2025 00:19:29,3m - 38.255s,PASSED
,,,,,,,
Test Cases/Brand,Chrome 136.0.7103.114,,,25-05-2025 00:15:52,25-05-2025 00:16:39,46.778s,PASSED
"DATA BINDING - {""password"":""123456"",""search"":""nhan"",""meta_title"":""abc"",""name"":""nhan"",""message"":""Brand has been inserted successfully"",""meta_descriptio..."":""abc"",""email"":""admin@example.com""}",,,,,,,
"openBrowser(""https://cms.anhtester.com/login"")",Chrome 136.0.7103.114,,,25-05-2025 00:15:53,25-05-2025 00:16:06,13.171s,PASSED
"setText(findTestObject(""Brand/input_email""), email)",Chrome 136.0.7103.114,,,25-05-2025 00:16:06,25-05-2025 00:16:08,1.494s,PASSED
"setText(findTestObject(""Brand/input_password""), password)",Chrome 136.0.7103.114,,,25-05-2025 00:16:08,25-05-2025 00:16:08,0.881s,PASSED
"click(findTestObject(""Brand/check""))",Chrome 136.0.7103.114,,,25-05-2025 00:16:08,25-05-2025 00:16:09,0.408s,PASSED
"click(findTestObject(""Brand/button_Login""))",Chrome 136.0.7103.114,,,25-05-2025 00:16:09,25-05-2025 00:16:10,1.345s,PASSED
delay(3),Chrome 136.0.7103.114,,,25-05-2025 00:16:10,25-05-2025 00:16:13,3.054s,PASSED
"click(findTestObject(""Brand/menu""))",Chrome 136.0.7103.114,,,25-05-2025 00:16:13,25-05-2025 00:16:15,1.784s,PASSED
"click(findTestObject(""Brand/span_Products""))",Chrome 136.0.7103.114,,,25-05-2025 00:16:15,25-05-2025 00:16:16,1.050s,PASSED
"click(findTestObject(""Brand/span_Brand""))",Chrome 136.0.7103.114,,,25-05-2025 00:16:16,25-05-2025 00:16:18,1.519s,PASSED
"setText(findTestObject(""Brand/input_name""), name)",Chrome 136.0.7103.114,,,25-05-2025 00:16:18,25-05-2025 00:16:20,2.002s,PASSED
"setText(findTestObject(""Brand/input_meta_title""), meta_title)",Chrome 136.0.7103.114,,,25-05-2025 00:16:20,25-05-2025 00:16:21,1.665s,PASSED
"setText(findTestObject(""Brand/textarea_description""), meta_description)",Chrome 136.0.7103.114,,,25-05-2025 00:16:21,25-05-2025 00:16:23,1.940s,PASSED
"click(findTestObject(""Brand/button_Save""))",Chrome 136.0.7103.114,,,25-05-2025 00:16:23,25-05-2025 00:16:25,1.245s,PASSED
"if (name == """")",Chrome 136.0.7103.114,,,25-05-2025 00:16:25,25-05-2025 00:16:25,0.003s,PASSED
delay(3),Chrome 136.0.7103.114,,,25-05-2025 00:16:25,25-05-2025 00:16:28,3.020s,PASSED
"setText(findTestObject(""Brand/input_Brands_search""), search)",Chrome 136.0.7103.114,,,25-05-2025 00:16:28,25-05-2025 00:16:30,2.447s,PASSED
"sendKeys(findTestObject(""Brand/input_Brands_search""), Keys.chord(ENTER))",Chrome 136.0.7103.114,,,25-05-2025 00:16:30,25-05-2025 00:16:31,1.155s,PASSED
delay(5),Chrome 136.0.7103.114,,,25-05-2025 00:16:31,25-05-2025 00:16:36,5.018s,PASSED
closeBrowser(),Chrome 136.0.7103.114,,,25-05-2025 00:16:36,25-05-2025 00:16:39,2.819s,PASSED
,,,,,,,
Test Cases/Brand,Chrome 136.0.7103.114,,,25-05-2025 00:16:39,25-05-2025 00:17:09,30.162s,PASSED
"DATA BINDING - {""password"":""123456"",""search"":""diuanh"",""name"":""diuanh"",""(Default) meta_..."":"""",""message"":""Brand has been inserted successfully"",""email"":""admin@example.com""}",,,,,,,
"openBrowser(""https://cms.anhtester.com/login"")",Chrome 136.0.7103.114,,,25-05-2025 00:16:39,25-05-2025 00:16:42,2.596s,PASSED
"setText(findTestObject(""Brand/input_email""), email)",Chrome 136.0.7103.114,,,25-05-2025 00:16:42,25-05-2025 00:16:43,1.413s,PASSED
"setText(findTestObject(""Brand/input_password""), password)",Chrome 136.0.7103.114,,,25-05-2025 00:16:43,25-05-2025 00:16:44,0.658s,PASSED
"click(findTestObject(""Brand/check""))",Chrome 136.0.7103.114,,,25-05-2025 00:16:44,25-05-2025 00:16:44,0.454s,PASSED
"click(findTestObject(""Brand/button_Login""))",Chrome 136.0.7103.114,,,25-05-2025 00:16:44,25-05-2025 00:16:46,1.387s,PASSED
delay(3),Chrome 136.0.7103.114,,,25-05-2025 00:16:46,25-05-2025 00:16:49,3.019s,PASSED
"click(findTestObject(""Brand/menu""))",Chrome 136.0.7103.114,,,25-05-2025 00:16:49,25-05-2025 00:16:49,0.371s,PASSED
"click(findTestObject(""Brand/span_Products""))",Chrome 136.0.7103.114,,,25-05-2025 00:16:49,25-05-2025 00:16:50,0.568s,PASSED
"click(findTestObject(""Brand/span_Brand""))",Chrome 136.0.7103.114,,,25-05-2025 00:16:50,25-05-2025 00:16:50,0.916s,PASSED
"setText(findTestObject(""Brand/input_name""), name)",Chrome 136.0.7103.114,,,25-05-2025 00:16:50,25-05-2025 00:16:52,1.388s,PASSED
"setText(findTestObject(""Brand/input_meta_title""), meta_title)",Chrome 136.0.7103.114,,,25-05-2025 00:16:52,25-05-2025 00:16:53,0.701s,PASSED
"setText(findTestObject(""Brand/textarea_description""), meta_description)",Chrome 136.0.7103.114,,,25-05-2025 00:16:53,25-05-2025 00:16:53,0.810s,PASSED
"click(findTestObject(""Brand/button_Save""))",Chrome 136.0.7103.114,,,25-05-2025 00:16:53,25-05-2025 00:16:54,1.012s,PASSED
"if (name == """")",Chrome 136.0.7103.114,,,25-05-2025 00:16:54,25-05-2025 00:16:54,0.001s,PASSED
delay(3),Chrome 136.0.7103.114,,,25-05-2025 00:16:54,25-05-2025 00:16:57,3.026s,PASSED
"setText(findTestObject(""Brand/input_Brands_search""), search)",Chrome 136.0.7103.114,,,25-05-2025 00:16:57,25-05-2025 00:16:58,0.811s,PASSED
"sendKeys(findTestObject(""Brand/input_Brands_search""), Keys.chord(ENTER))",Chrome 136.0.7103.114,,,25-05-2025 00:16:58,25-05-2025 00:16:59,0.711s,PASSED
delay(5),Chrome 136.0.7103.114,,,25-05-2025 00:16:59,25-05-2025 00:17:04,5.012s,PASSED
closeBrowser(),Chrome 136.0.7103.114,,,25-05-2025 00:17:04,25-05-2025 00:17:09,5.240s,PASSED
,,,,,,,
Test Cases/Brand,Chrome 136.0.7103.114,,,25-05-2025 00:17:09,25-05-2025 00:17:33,23.936s,PASSED
"DATA BINDING - {""password"":""123456"",""search"":""nhandiuanh"",""meta_title"":""abc"",""name"":""nhandiuanh"",""(Default) meta_..."":"""",""message"":""Brand has been inserted successfully"",""email"":""admin@example.com""}",,,,,,,
"openBrowser(""https://cms.anhtester.com/login"")",Chrome 136.0.7103.114,,,25-05-2025 00:17:09,25-05-2025 00:17:12,2.743s,PASSED
"setText(findTestObject(""Brand/input_email""), email)",Chrome 136.0.7103.114,,,25-05-2025 00:17:12,25-05-2025 00:17:13,0.886s,PASSED
"setText(findTestObject(""Brand/input_password""), password)",Chrome 136.0.7103.114,,,25-05-2025 00:17:13,25-05-2025 00:17:13,0.601s,PASSED
"click(findTestObject(""Brand/check""))",Chrome 136.0.7103.114,,,25-05-2025 00:17:13,25-05-2025 00:17:14,0.443s,PASSED
"click(findTestObject(""Brand/button_Login""))",Chrome 136.0.7103.114,,,25-05-2025 00:17:14,25-05-2025 00:17:15,1.419s,PASSED
delay(3),Chrome 136.0.7103.114,,,25-05-2025 00:17:15,25-05-2025 00:17:18,3.009s,PASSED
"click(findTestObject(""Brand/menu""))",Chrome 136.0.7103.114,,,25-05-2025 00:17:18,25-05-2025 00:17:19,0.333s,PASSED
"click(findTestObject(""Brand/span_Products""))",Chrome 136.0.7103.114,,,25-05-2025 00:17:19,25-05-2025 00:17:19,0.469s,PASSED
"click(findTestObject(""Brand/span_Brand""))",Chrome 136.0.7103.114,,,25-05-2025 00:17:19,25-05-2025 00:17:20,0.851s,PASSED
"setText(findTestObject(""Brand/input_name""), name)",Chrome 136.0.7103.114,,,25-05-2025 00:17:20,25-05-2025 00:17:21,1.495s,PASSED
"setText(findTestObject(""Brand/input_meta_title""), meta_title)",Chrome 136.0.7103.114,,,25-05-2025 00:17:21,25-05-2025 00:17:22,0.673s,PASSED
"setText(findTestObject(""Brand/textarea_description""), meta_description)",Chrome 136.0.7103.114,,,25-05-2025 00:17:22,25-05-2025 00:17:23,0.633s,PASSED
"click(findTestObject(""Brand/button_Save""))",Chrome 136.0.7103.114,,,25-05-2025 00:17:23,25-05-2025 00:17:24,0.814s,PASSED
"if (name == """")",Chrome 136.0.7103.114,,,25-05-2025 00:17:24,25-05-2025 00:17:24,0.001s,PASSED
delay(3),Chrome 136.0.7103.114,,,25-05-2025 00:17:24,25-05-2025 00:17:27,3.005s,PASSED
"setText(findTestObject(""Brand/input_Brands_search""), search)",Chrome 136.0.7103.114,,,25-05-2025 00:17:27,25-05-2025 00:17:27,0.625s,PASSED
"sendKeys(findTestObject(""Brand/input_Brands_search""), Keys.chord(ENTER))",Chrome 136.0.7103.114,,,25-05-2025 00:17:27,25-05-2025 00:17:28,0.607s,PASSED
delay(5),Chrome 136.0.7103.114,,,25-05-2025 00:17:28,25-05-2025 00:17:33,5.014s,PASSED
closeBrowser(),Chrome 136.0.7103.114,,,25-05-2025 00:17:33,25-05-2025 00:17:33,0.284s,PASSED
,,,,,,,
Test Cases/Brand,Chrome 136.0.7103.114,,,25-05-2025 00:17:33,25-05-2025 00:17:56,22.903s,PASSED
"DATA BINDING - {""password"":""123456"",""search"":""nhandiuanh"",""name"":""nhandiuanh"",""(Default) meta_..."":"""",""message"":""Brand has been inserted successfully"",""meta_descriptio..."":""abc"",""email"":""admin@example.com""}",,,,,,,
"openBrowser(""https://cms.anhtester.com/login"")",Chrome 136.0.7103.114,,,25-05-2025 00:17:33,25-05-2025 00:17:36,2.439s,PASSED
"setText(findTestObject(""Brand/input_email""), email)",Chrome 136.0.7103.114,,,25-05-2025 00:17:36,25-05-2025 00:17:36,0.878s,PASSED
"setText(findTestObject(""Brand/input_password""), password)",Chrome 136.0.7103.114,,,25-05-2025 00:17:36,25-05-2025 00:17:37,0.598s,PASSED
"click(findTestObject(""Brand/check""))",Chrome 136.0.7103.114,,,25-05-2025 00:17:37,25-05-2025 00:17:37,0.341s,PASSED
"click(findTestObject(""Brand/button_Login""))",Chrome 136.0.7103.114,,,25-05-2025 00:17:37,25-05-2025 00:17:39,1.278s,PASSED
delay(3),Chrome 136.0.7103.114,,,25-05-2025 00:17:39,25-05-2025 00:17:42,3.014s,PASSED
"click(findTestObject(""Brand/menu""))",Chrome 136.0.7103.114,,,25-05-2025 00:17:42,25-05-2025 00:17:42,0.333s,PASSED
"click(findTestObject(""Brand/span_Products""))",Chrome 136.0.7103.114,,,25-05-2025 00:17:42,25-05-2025 00:17:42,0.353s,PASSED
"click(findTestObject(""Brand/span_Brand""))",Chrome 136.0.7103.114,,,25-05-2025 00:17:42,25-05-2025 00:17:43,0.808s,PASSED
"setText(findTestObject(""Brand/input_name""), name)",Chrome 136.0.7103.114,,,25-05-2025 00:17:43,25-05-2025 00:17:45,1.373s,PASSED
"setText(findTestObject(""Brand/input_meta_title""), meta_title)",Chrome 136.0.7103.114,,,25-05-2025 00:17:45,25-05-2025 00:17:45,0.600s,PASSED
"setText(findTestObject(""Brand/textarea_description""), meta_description)",Chrome 136.0.7103.114,,,25-05-2025 00:17:45,25-05-2025 00:17:46,0.602s,PASSED
"click(findTestObject(""Brand/button_Save""))",Chrome 136.0.7103.114,,,25-05-2025 00:17:46,25-05-2025 00:17:47,0.770s,PASSED
"if (name == """")",Chrome 136.0.7103.114,,,25-05-2025 00:17:47,25-05-2025 00:17:47,0.000s,PASSED
delay(3),Chrome 136.0.7103.114,,,25-05-2025 00:17:47,25-05-2025 00:17:50,3.019s,PASSED
"setText(findTestObject(""Brand/input_Brands_search""), search)",Chrome 136.0.7103.114,,,25-05-2025 00:17:50,25-05-2025 00:17:50,0.628s,PASSED
"sendKeys(findTestObject(""Brand/input_Brands_search""), Keys.chord(ENTER))",Chrome 136.0.7103.114,,,25-05-2025 00:17:50,25-05-2025 00:17:51,0.514s,PASSED
delay(5),Chrome 136.0.7103.114,,,25-05-2025 00:17:51,25-05-2025 00:17:56,5.008s,PASSED
closeBrowser(),Chrome 136.0.7103.114,,,25-05-2025 00:17:56,25-05-2025 00:17:56,0.315s,PASSED
,,,,,,,
Test Cases/Brand,Chrome 136.0.7103.114,,,25-05-2025 00:17:56,25-05-2025 00:18:21,24.893s,PASSED
"DATA BINDING - {""password"":""123456"",""meta_title"":""abc"",""(Default) searc..."":"""",""(Default) meta_..."":"""",""message"":""Please fill out this field."",""email"":""admin@example.com"",""(Default) name"":""""}",,,,,,,
"openBrowser(""https://cms.anhtester.com/login"")",Chrome 136.0.7103.114,,,25-05-2025 00:17:56,25-05-2025 00:17:59,2.582s,PASSED
"setText(findTestObject(""Brand/input_email""), email)",Chrome 136.0.7103.114,,,25-05-2025 00:17:59,25-05-2025 00:18:00,0.868s,PASSED
"setText(findTestObject(""Brand/input_password""), password)",Chrome 136.0.7103.114,,,25-05-2025 00:18:00,25-05-2025 00:18:00,0.605s,PASSED
"click(findTestObject(""Brand/check""))",Chrome 136.0.7103.114,,,25-05-2025 00:18:00,25-05-2025 00:18:00,0.363s,PASSED
"click(findTestObject(""Brand/button_Login""))",Chrome 136.0.7103.114,,,25-05-2025 00:18:01,25-05-2025 00:18:02,1.177s,PASSED
delay(3),Chrome 136.0.7103.114,,,25-05-2025 00:18:02,25-05-2025 00:18:05,3.017s,PASSED
"click(findTestObject(""Brand/menu""))",Chrome 136.0.7103.114,,,25-05-2025 00:18:05,25-05-2025 00:18:05,0.315s,PASSED
"click(findTestObject(""Brand/span_Products""))",Chrome 136.0.7103.114,,,25-05-2025 00:18:05,25-05-2025 00:18:05,0.348s,PASSED
"click(findTestObject(""Brand/span_Brand""))",Chrome 136.0.7103.114,,,25-05-2025 00:18:05,25-05-2025 00:18:06,0.769s,PASSED
"setText(findTestObject(""Brand/input_name""), name)",Chrome 136.0.7103.114,,,25-05-2025 00:18:06,25-05-2025 00:18:07,1.236s,PASSED
"setText(findTestObject(""Brand/input_meta_title""), meta_title)",Chrome 136.0.7103.114,,,25-05-2025 00:18:07,25-05-2025 00:18:08,0.843s,PASSED
"setText(findTestObject(""Brand/textarea_description""), meta_description)",Chrome 136.0.7103.114,,,25-05-2025 00:18:08,25-05-2025 00:18:09,1.134s,PASSED
"click(findTestObject(""Brand/button_Save""))",Chrome 136.0.7103.114,,,25-05-2025 00:18:09,25-05-2025 00:18:10,0.413s,PASSED
"if (name == """")",Chrome 136.0.7103.114,,,25-05-2025 00:18:10,25-05-2025 00:18:10,0.186s,PASSED
delay(3),Chrome 136.0.7103.114,,,25-05-2025 00:18:10,25-05-2025 00:18:13,3.038s,PASSED
"setText(findTestObject(""Brand/input_Brands_search""), search)",Chrome 136.0.7103.114,,,25-05-2025 00:18:13,25-05-2025 00:18:14,0.796s,PASSED
"sendKeys(findTestObject(""Brand/input_Brands_search""), Keys.chord(ENTER))",Chrome 136.0.7103.114,,,25-05-2025 00:18:14,25-05-2025 00:18:16,1.843s,PASSED
delay(5),Chrome 136.0.7103.114,,,25-05-2025 00:18:16,25-05-2025 00:18:21,5.019s,PASSED
closeBrowser(),Chrome 136.0.7103.114,,,25-05-2025 00:18:21,25-05-2025 00:18:21,0.301s,PASSED
,,,,,,,
Test Cases/Brand,Chrome 136.0.7103.114,,,25-05-2025 00:18:21,25-05-2025 00:18:44,22.604s,PASSED
"DATA BINDING - {""password"":""123456"",""(Default) searc..."":"""",""(Default) meta_..."":"""",""message"":""Please fill out this field."",""meta_descriptio..."":""abc"",""email"":""admin@example.com"",""(Default) name"":""""}",,,,,,,
"openBrowser(""https://cms.anhtester.com/login"")",Chrome 136.0.7103.114,,,25-05-2025 00:18:21,25-05-2025 00:18:23,2.521s,PASSED
"setText(findTestObject(""Brand/input_email""), email)",Chrome 136.0.7103.114,,,25-05-2025 00:18:24,25-05-2025 00:18:24,0.886s,PASSED
"setText(findTestObject(""Brand/input_password""), password)",Chrome 136.0.7103.114,,,25-05-2025 00:18:24,25-05-2025 00:18:25,0.598s,PASSED
"click(findTestObject(""Brand/check""))",Chrome 136.0.7103.114,,,25-05-2025 00:18:25,25-05-2025 00:18:25,0.333s,PASSED
"click(findTestObject(""Brand/button_Login""))",Chrome 136.0.7103.114,,,25-05-2025 00:18:25,25-05-2025 00:18:27,1.269s,PASSED
delay(3),Chrome 136.0.7103.114,,,25-05-2025 00:18:27,25-05-2025 00:18:30,3.007s,PASSED
"click(findTestObject(""Brand/menu""))",Chrome 136.0.7103.114,,,25-05-2025 00:18:30,25-05-2025 00:18:30,0.327s,PASSED
"click(findTestObject(""Brand/span_Products""))",Chrome 136.0.7103.114,,,25-05-2025 00:18:30,25-05-2025 00:18:30,0.346s,PASSED
"click(findTestObject(""Brand/span_Brand""))",Chrome 136.0.7103.114,,,25-05-2025 00:18:30,25-05-2025 00:18:31,0.740s,PASSED
"setText(findTestObject(""Brand/input_name""), name)",Chrome 136.0.7103.114,,,25-05-2025 00:18:31,25-05-2025 00:18:32,1.337s,PASSED
"setText(findTestObject(""Brand/input_meta_title""), meta_title)",Chrome 136.0.7103.114,,,25-05-2025 00:18:32,25-05-2025 00:18:33,0.639s,PASSED
"setText(findTestObject(""Brand/textarea_description""), meta_description)",Chrome 136.0.7103.114,,,25-05-2025 00:18:33,25-05-2025 00:18:34,0.598s,PASSED
"click(findTestObject(""Brand/button_Save""))",Chrome 136.0.7103.114,,,25-05-2025 00:18:34,25-05-2025 00:18:34,0.352s,PASSED
"if (name == """")",Chrome 136.0.7103.114,,,25-05-2025 00:18:34,25-05-2025 00:18:34,0.096s,PASSED
delay(3),Chrome 136.0.7103.114,,,25-05-2025 00:18:34,25-05-2025 00:18:37,3.018s,PASSED
"setText(findTestObject(""Brand/input_Brands_search""), search)",Chrome 136.0.7103.114,,,25-05-2025 00:18:37,25-05-2025 00:18:38,0.657s,PASSED
"sendKeys(findTestObject(""Brand/input_Brands_search""), Keys.chord(ENTER))",Chrome 136.0.7103.114,,,25-05-2025 00:18:38,25-05-2025 00:18:38,0.553s,PASSED
delay(5),Chrome 136.0.7103.114,,,25-05-2025 00:18:38,25-05-2025 00:18:43,5.007s,PASSED
closeBrowser(),Chrome 136.0.7103.114,,,25-05-2025 00:18:43,25-05-2025 00:18:44,0.283s,PASSED
,,,,,,,
Test Cases/Brand,Chrome 136.0.7103.114,,,25-05-2025 00:18:44,25-05-2025 00:19:06,22.191s,PASSED
"DATA BINDING - {""password"":""123456"",""meta_title"":""abc"",""(Default) searc..."":"""",""message"":""Please fill out this field."",""meta_descriptio..."":""abc"",""email"":""admin@example.com"",""(Default) name"":""""}",,,,,,,
"openBrowser(""https://cms.anhtester.com/login"")",Chrome 136.0.7103.114,,,25-05-2025 00:18:44,25-05-2025 00:18:46,2.294s,PASSED
"setText(findTestObject(""Brand/input_email""), email)",Chrome 136.0.7103.114,,,25-05-2025 00:18:46,25-05-2025 00:18:47,0.867s,PASSED
"setText(findTestObject(""Brand/input_password""), password)",Chrome 136.0.7103.114,,,25-05-2025 00:18:47,25-05-2025 00:18:47,0.592s,PASSED
"click(findTestObject(""Brand/check""))",Chrome 136.0.7103.114,,,25-05-2025 00:18:47,25-05-2025 00:18:48,0.322s,PASSED
"click(findTestObject(""Brand/button_Login""))",Chrome 136.0.7103.114,,,25-05-2025 00:18:48,25-05-2025 00:18:49,1.222s,PASSED
delay(3),Chrome 136.0.7103.114,,,25-05-2025 00:18:49,25-05-2025 00:18:52,3.011s,PASSED
"click(findTestObject(""Brand/menu""))",Chrome 136.0.7103.114,,,25-05-2025 00:18:52,25-05-2025 00:18:52,0.326s,PASSED
"click(findTestObject(""Brand/span_Products""))",Chrome 136.0.7103.114,,,25-05-2025 00:18:52,25-05-2025 00:18:53,0.344s,PASSED
"click(findTestObject(""Brand/span_Brand""))",Chrome 136.0.7103.114,,,25-05-2025 00:18:53,25-05-2025 00:18:53,0.735s,PASSED
"setText(findTestObject(""Brand/input_name""), name)",Chrome 136.0.7103.114,,,25-05-2025 00:18:53,25-05-2025 00:18:55,1.317s,PASSED
"setText(findTestObject(""Brand/input_meta_title""), meta_title)",Chrome 136.0.7103.114,,,25-05-2025 00:18:55,25-05-2025 00:18:55,0.576s,PASSED
"setText(findTestObject(""Brand/textarea_description""), meta_description)",Chrome 136.0.7103.114,,,25-05-2025 00:18:55,25-05-2025 00:18:56,0.595s,PASSED
"click(findTestObject(""Brand/button_Save""))",Chrome 136.0.7103.114,,,25-05-2025 00:18:56,25-05-2025 00:18:56,0.324s,PASSED
"if (name == """")",Chrome 136.0.7103.114,,,25-05-2025 00:18:56,25-05-2025 00:18:56,0.053s,PASSED
delay(3),Chrome 136.0.7103.114,,,25-05-2025 00:18:56,25-05-2025 00:18:59,3.021s,PASSED
"setText(findTestObject(""Brand/input_Brands_search""), search)",Chrome 136.0.7103.114,,,25-05-2025 00:18:59,25-05-2025 00:19:00,0.666s,PASSED
"sendKeys(findTestObject(""Brand/input_Brands_search""), Keys.chord(ENTER))",Chrome 136.0.7103.114,,,25-05-2025 00:19:00,25-05-2025 00:19:00,0.564s,PASSED
delay(5),Chrome 136.0.7103.114,,,25-05-2025 00:19:00,25-05-2025 00:19:05,5.005s,PASSED
closeBrowser(),Chrome 136.0.7103.114,,,25-05-2025 00:19:05,25-05-2025 00:19:06,0.330s,PASSED
,,,,,,,
Test Cases/Brand,Chrome 136.0.7103.114,,,25-05-2025 00:19:06,25-05-2025 00:19:29,23.632s,PASSED
"DATA BINDING - {""password"":""123456"",""(Default) searc..."":"""",""(Default) meta_..."":"""",""message"":""Please fill out this field."",""email"":""admin@example.com"",""(Default) name"":""""}",,,,,,,
"openBrowser(""https://cms.anhtester.com/login"")",Chrome 136.0.7103.114,,,25-05-2025 00:19:06,25-05-2025 00:19:09,2.869s,PASSED
"setText(findTestObject(""Brand/input_email""), email)",Chrome 136.0.7103.114,,,25-05-2025 00:19:09,25-05-2025 00:19:10,0.867s,PASSED
"setText(findTestObject(""Brand/input_password""), password)",Chrome 136.0.7103.114,,,25-05-2025 00:19:10,25-05-2025 00:19:10,0.582s,PASSED
"click(findTestObject(""Brand/check""))",Chrome 136.0.7103.114,,,25-05-2025 00:19:10,25-05-2025 00:19:11,0.464s,PASSED
"click(findTestObject(""Brand/button_Login""))",Chrome 136.0.7103.114,,,25-05-2025 00:19:11,25-05-2025 00:19:12,1.344s,PASSED
delay(3),Chrome 136.0.7103.114,,,25-05-2025 00:19:12,25-05-2025 00:19:15,3.018s,PASSED
"click(findTestObject(""Brand/menu""))",Chrome 136.0.7103.114,,,25-05-2025 00:19:15,25-05-2025 00:19:15,0.350s,PASSED
"click(findTestObject(""Brand/span_Products""))",Chrome 136.0.7103.114,,,25-05-2025 00:19:15,25-05-2025 00:19:16,0.417s,PASSED
"click(findTestObject(""Brand/span_Brand""))",Chrome 136.0.7103.114,,,25-05-2025 00:19:16,25-05-2025 00:19:17,1.242s,PASSED
"setText(findTestObject(""Brand/input_name""), name)",Chrome 136.0.7103.114,,,25-05-2025 00:19:17,25-05-2025 00:19:18,1.343s,PASSED
"setText(findTestObject(""Brand/input_meta_title""), meta_title)",Chrome 136.0.7103.114,,,25-05-2025 00:19:18,25-05-2025 00:19:19,0.580s,PASSED
"setText(findTestObject(""Brand/textarea_description""), meta_description)",Chrome 136.0.7103.114,,,25-05-2025 00:19:19,25-05-2025 00:19:20,0.651s,PASSED
"click(findTestObject(""Brand/button_Save""))",Chrome 136.0.7103.114,,,25-05-2025 00:19:20,25-05-2025 00:19:20,0.339s,PASSED
"if (name == """")",Chrome 136.0.7103.114,,,25-05-2025 00:19:20,25-05-2025 00:19:20,0.031s,PASSED
delay(3),Chrome 136.0.7103.114,,,25-05-2025 00:19:20,25-05-2025 00:19:23,3.007s,PASSED
"setText(findTestObject(""Brand/input_Brands_search""), search)",Chrome 136.0.7103.114,,,25-05-2025 00:19:23,25-05-2025 00:19:24,0.663s,PASSED
"sendKeys(findTestObject(""Brand/input_Brands_search""), Keys.chord(ENTER))",Chrome 136.0.7103.114,,,25-05-2025 00:19:24,25-05-2025 00:19:24,0.554s,PASSED
delay(5),Chrome 136.0.7103.114,,,25-05-2025 00:19:24,25-05-2025 00:19:29,5.017s,PASSED
closeBrowser(),Chrome 136.0.7103.114,,,25-05-2025 00:19:29,25-05-2025 00:19:29,0.267s,PASSED
