Suite/Test/Step Name,Browser,Description,Tag,Start time,End time,Duration,Status
Brand,Chrome 136.0.7103.114,,,24-05-2025 23:39:09,24-05-2025 23:42:15,3m - 6.014s,PASSED
,,,,,,,
Test Cases/Brand,Chrome 136.0.7103.114,,,24-05-2025 23:39:10,24-05-2025 23:39:38,28.663s,PASSED
"DATA BINDING - {""password"":""123456"",""search"":""nhan"",""meta_title"":""abc"",""name"":""nhan"",""message"":""Brand has been inserted successfully"",""meta_descriptio..."":""abc"",""email"":""admin@example.com""}",,,,,,,
"openBrowser(""https://cms.anhtester.com/login"")",Chrome 136.0.7103.114,,,24-05-2025 23:39:10,24-05-2025 23:39:17,6.216s,PASSED
"setText(findTestObject(""Brand/input_email""), email)",Chrome 136.0.7103.114,,,24-05-2025 23:39:17,24-05-2025 23:39:18,0.921s,PASSED
"setText(findTestObject(""Brand/input_password""), password)",Chrome 136.0.7103.114,,,24-05-2025 23:39:18,24-05-2025 23:39:18,0.817s,PASSED
"click(findTestObject(""Brand/check""))",Chrome 136.0.7103.114,,,24-05-2025 23:39:18,24-05-2025 23:39:19,0.586s,PASSED
"click(findTestObject(""Brand/button_Login""))",Chrome 136.0.7103.114,,,24-05-2025 23:39:19,24-05-2025 23:39:21,1.490s,PASSED
delay(3),Chrome 136.0.7103.114,,,24-05-2025 23:39:21,24-05-2025 23:39:24,3.046s,PASSED
"click(findTestObject(""Brand/menu""))",Chrome 136.0.7103.114,,,24-05-2025 23:39:24,24-05-2025 23:39:24,0.364s,PASSED
"click(findTestObject(""Brand/span_Products""))",Chrome 136.0.7103.114,,,24-05-2025 23:39:24,24-05-2025 23:39:24,0.378s,PASSED
"click(findTestObject(""Brand/span_Brand""))",Chrome 136.0.7103.114,,,24-05-2025 23:39:24,24-05-2025 23:39:25,0.869s,PASSED
"setText(findTestObject(""Brand/input_name""), name)",Chrome 136.0.7103.114,,,24-05-2025 23:39:25,24-05-2025 23:39:27,1.344s,PASSED
"setText(findTestObject(""Brand/input_meta_title""), meta_title)",Chrome 136.0.7103.114,,,24-05-2025 23:39:27,24-05-2025 23:39:27,0.684s,PASSED
"setText(findTestObject(""Brand/textarea_description""), meta_description)",Chrome 136.0.7103.114,,,24-05-2025 23:39:27,24-05-2025 23:39:28,0.572s,PASSED
"click(findTestObject(""Brand/button_Save""))",Chrome 136.0.7103.114,,,24-05-2025 23:39:28,24-05-2025 23:39:29,1.021s,PASSED
"if (name == """")",Chrome 136.0.7103.114,,,24-05-2025 23:39:29,24-05-2025 23:39:29,0.002s,PASSED
delay(3),Chrome 136.0.7103.114,,,24-05-2025 23:39:29,24-05-2025 23:39:32,3.029s,PASSED
"setText(findTestObject(""Brand/input_Brands_search""), search)",Chrome 136.0.7103.114,,,24-05-2025 23:39:32,24-05-2025 23:39:32,0.563s,PASSED
"sendKeys(findTestObject(""Brand/input_Brands_search""), Keys.chord(ENTER))",Chrome 136.0.7103.114,,,24-05-2025 23:39:32,24-05-2025 23:39:33,0.649s,PASSED
delay(5),Chrome 136.0.7103.114,,,24-05-2025 23:39:33,24-05-2025 23:39:38,5.015s,PASSED
closeBrowser(),Chrome 136.0.7103.114,,,24-05-2025 23:39:38,24-05-2025 23:39:38,0.363s,PASSED
,,,,,,,
Test Cases/Brand,Chrome 136.0.7103.114,,,24-05-2025 23:39:38,24-05-2025 23:40:01,22.483s,PASSED
"DATA BINDING - {""password"":""123456"",""search"":""diuanh"",""name"":""diuanh"",""(Default) meta_..."":"""",""message"":""Brand has been inserted successfully"",""email"":""admin@example.com""}",,,,,,,
"openBrowser(""https://cms.anhtester.com/login"")",Chrome 136.0.7103.114,,,24-05-2025 23:39:38,24-05-2025 23:39:41,2.441s,PASSED
"setText(findTestObject(""Brand/input_email""), email)",Chrome 136.0.7103.114,,,24-05-2025 23:39:41,24-05-2025 23:39:42,0.881s,PASSED
"setText(findTestObject(""Brand/input_password""), password)",Chrome 136.0.7103.114,,,24-05-2025 23:39:42,24-05-2025 23:39:42,0.558s,PASSED
"click(findTestObject(""Brand/check""))",Chrome 136.0.7103.114,,,24-05-2025 23:39:42,24-05-2025 23:39:43,0.317s,PASSED
"click(findTestObject(""Brand/button_Login""))",Chrome 136.0.7103.114,,,24-05-2025 23:39:43,24-05-2025 23:39:44,1.145s,PASSED
delay(3),Chrome 136.0.7103.114,,,24-05-2025 23:39:44,24-05-2025 23:39:47,3.024s,PASSED
"click(findTestObject(""Brand/menu""))",Chrome 136.0.7103.114,,,24-05-2025 23:39:47,24-05-2025 23:39:47,0.299s,PASSED
"click(findTestObject(""Brand/span_Products""))",Chrome 136.0.7103.114,,,24-05-2025 23:39:47,24-05-2025 23:39:47,0.326s,PASSED
"click(findTestObject(""Brand/span_Brand""))",Chrome 136.0.7103.114,,,24-05-2025 23:39:47,24-05-2025 23:39:48,0.823s,PASSED
"setText(findTestObject(""Brand/input_name""), name)",Chrome 136.0.7103.114,,,24-05-2025 23:39:48,24-05-2025 23:39:50,1.243s,PASSED
"setText(findTestObject(""Brand/input_meta_title""), meta_title)",Chrome 136.0.7103.114,,,24-05-2025 23:39:50,24-05-2025 23:39:50,0.586s,PASSED
"setText(findTestObject(""Brand/textarea_description""), meta_description)",Chrome 136.0.7103.114,,,24-05-2025 23:39:50,24-05-2025 23:39:51,0.686s,PASSED
"click(findTestObject(""Brand/button_Save""))",Chrome 136.0.7103.114,,,24-05-2025 23:39:51,24-05-2025 23:39:52,0.696s,PASSED
"if (name == """")",Chrome 136.0.7103.114,,,24-05-2025 23:39:52,24-05-2025 23:39:52,0.000s,PASSED
delay(3),Chrome 136.0.7103.114,,,24-05-2025 23:39:52,24-05-2025 23:39:55,3.011s,PASSED
"setText(findTestObject(""Brand/input_Brands_search""), search)",Chrome 136.0.7103.114,,,24-05-2025 23:39:55,24-05-2025 23:39:55,0.543s,PASSED
"sendKeys(findTestObject(""Brand/input_Brands_search""), Keys.chord(ENTER))",Chrome 136.0.7103.114,,,24-05-2025 23:39:55,24-05-2025 23:39:56,0.628s,PASSED
delay(5),Chrome 136.0.7103.114,,,24-05-2025 23:39:56,24-05-2025 23:40:01,5.007s,PASSED
closeBrowser(),Chrome 136.0.7103.114,,,24-05-2025 23:40:01,24-05-2025 23:40:01,0.221s,PASSED
,,,,,,,
Test Cases/Brand,Chrome 136.0.7103.114,,,24-05-2025 23:40:01,24-05-2025 23:40:25,24.366s,PASSED
"DATA BINDING - {""password"":""123456"",""search"":""nhandiuanh"",""meta_title"":""abc"",""name"":""nhandiuanh"",""(Default) meta_..."":"""",""message"":""Brand has been inserted successfully"",""email"":""admin@example.com""}",,,,,,,
"openBrowser(""https://cms.anhtester.com/login"")",Chrome 136.0.7103.114,,,24-05-2025 23:40:01,24-05-2025 23:40:04,3.158s,PASSED
"setText(findTestObject(""Brand/input_email""), email)",Chrome 136.0.7103.114,,,24-05-2025 23:40:04,24-05-2025 23:40:05,0.796s,PASSED
"setText(findTestObject(""Brand/input_password""), password)",Chrome 136.0.7103.114,,,24-05-2025 23:40:05,24-05-2025 23:40:05,0.566s,PASSED
"click(findTestObject(""Brand/check""))",Chrome 136.0.7103.114,,,24-05-2025 23:40:05,24-05-2025 23:40:06,0.319s,PASSED
"click(findTestObject(""Brand/button_Login""))",Chrome 136.0.7103.114,,,24-05-2025 23:40:06,24-05-2025 23:40:07,1.459s,PASSED
delay(3),Chrome 136.0.7103.114,,,24-05-2025 23:40:07,24-05-2025 23:40:10,3.017s,PASSED
"click(findTestObject(""Brand/menu""))",Chrome 136.0.7103.114,,,24-05-2025 23:40:10,24-05-2025 23:40:11,0.308s,PASSED
"click(findTestObject(""Brand/span_Products""))",Chrome 136.0.7103.114,,,24-05-2025 23:40:11,24-05-2025 23:40:11,0.329s,PASSED
"click(findTestObject(""Brand/span_Brand""))",Chrome 136.0.7103.114,,,24-05-2025 23:40:11,24-05-2025 23:40:12,0.708s,PASSED
"setText(findTestObject(""Brand/input_name""), name)",Chrome 136.0.7103.114,,,24-05-2025 23:40:12,24-05-2025 23:40:14,1.916s,PASSED
"setText(findTestObject(""Brand/input_meta_title""), meta_title)",Chrome 136.0.7103.114,,,24-05-2025 23:40:14,24-05-2025 23:40:14,0.816s,PASSED
"setText(findTestObject(""Brand/textarea_description""), meta_description)",Chrome 136.0.7103.114,,,24-05-2025 23:40:14,24-05-2025 23:40:15,0.600s,PASSED
"click(findTestObject(""Brand/button_Save""))",Chrome 136.0.7103.114,,,24-05-2025 23:40:15,24-05-2025 23:40:16,0.615s,PASSED
"if (name == """")",Chrome 136.0.7103.114,,,24-05-2025 23:40:16,24-05-2025 23:40:16,0.001s,PASSED
delay(3),Chrome 136.0.7103.114,,,24-05-2025 23:40:16,24-05-2025 23:40:19,3.005s,PASSED
"setText(findTestObject(""Brand/input_Brands_search""), search)",Chrome 136.0.7103.114,,,24-05-2025 23:40:19,24-05-2025 23:40:19,0.575s,PASSED
"sendKeys(findTestObject(""Brand/input_Brands_search""), Keys.chord(ENTER))",Chrome 136.0.7103.114,,,24-05-2025 23:40:19,24-05-2025 23:40:20,0.711s,PASSED
delay(5),Chrome 136.0.7103.114,,,24-05-2025 23:40:20,24-05-2025 23:40:25,5.021s,PASSED
closeBrowser(),Chrome 136.0.7103.114,,,24-05-2025 23:40:25,24-05-2025 23:40:25,0.416s,PASSED
,,,,,,,
Test Cases/Brand,Chrome 136.0.7103.114,,,24-05-2025 23:40:25,24-05-2025 23:40:49,23.382s,PASSED
"DATA BINDING - {""password"":""123456"",""search"":""nhandiuanh"",""name"":""nhandiuanh"",""(Default) meta_..."":"""",""message"":""Brand has been inserted successfully"",""meta_descriptio..."":""abc"",""email"":""admin@example.com""}",,,,,,,
"openBrowser(""https://cms.anhtester.com/login"")",Chrome 136.0.7103.114,,,24-05-2025 23:40:25,24-05-2025 23:40:28,2.950s,PASSED
"setText(findTestObject(""Brand/input_email""), email)",Chrome 136.0.7103.114,,,24-05-2025 23:40:28,24-05-2025 23:40:29,0.823s,PASSED
"setText(findTestObject(""Brand/input_password""), password)",Chrome 136.0.7103.114,,,24-05-2025 23:40:29,24-05-2025 23:40:30,0.555s,PASSED
"click(findTestObject(""Brand/check""))",Chrome 136.0.7103.114,,,24-05-2025 23:40:30,24-05-2025 23:40:30,0.309s,PASSED
"click(findTestObject(""Brand/button_Login""))",Chrome 136.0.7103.114,,,24-05-2025 23:40:30,24-05-2025 23:40:31,1.379s,PASSED
delay(3),Chrome 136.0.7103.114,,,24-05-2025 23:40:31,24-05-2025 23:40:34,3.012s,PASSED
"click(findTestObject(""Brand/menu""))",Chrome 136.0.7103.114,,,24-05-2025 23:40:34,24-05-2025 23:40:35,0.392s,PASSED
"click(findTestObject(""Brand/span_Products""))",Chrome 136.0.7103.114,,,24-05-2025 23:40:35,24-05-2025 23:40:35,0.571s,PASSED
"click(findTestObject(""Brand/span_Brand""))",Chrome 136.0.7103.114,,,24-05-2025 23:40:35,24-05-2025 23:40:36,0.798s,PASSED
"setText(findTestObject(""Brand/input_name""), name)",Chrome 136.0.7103.114,,,24-05-2025 23:40:36,24-05-2025 23:40:37,1.308s,PASSED
"setText(findTestObject(""Brand/input_meta_title""), meta_title)",Chrome 136.0.7103.114,,,24-05-2025 23:40:37,24-05-2025 23:40:38,0.524s,PASSED
"setText(findTestObject(""Brand/textarea_description""), meta_description)",Chrome 136.0.7103.114,,,24-05-2025 23:40:38,24-05-2025 23:40:39,0.563s,PASSED
"click(findTestObject(""Brand/button_Save""))",Chrome 136.0.7103.114,,,24-05-2025 23:40:39,24-05-2025 23:40:39,0.652s,PASSED
"if (name == """")",Chrome 136.0.7103.114,,,24-05-2025 23:40:39,24-05-2025 23:40:39,0.001s,PASSED
delay(3),Chrome 136.0.7103.114,,,24-05-2025 23:40:39,24-05-2025 23:40:42,3.007s,PASSED
"setText(findTestObject(""Brand/input_Brands_search""), search)",Chrome 136.0.7103.114,,,24-05-2025 23:40:42,24-05-2025 23:40:43,0.556s,PASSED
"sendKeys(findTestObject(""Brand/input_Brands_search""), Keys.chord(ENTER))",Chrome 136.0.7103.114,,,24-05-2025 23:40:43,24-05-2025 23:40:43,0.636s,PASSED
delay(5),Chrome 136.0.7103.114,,,24-05-2025 23:40:43,24-05-2025 23:40:48,5.008s,PASSED
closeBrowser(),Chrome 136.0.7103.114,,,24-05-2025 23:40:48,24-05-2025 23:40:49,0.298s,PASSED
,,,,,,,
Test Cases/Brand,Chrome 136.0.7103.114,,,24-05-2025 23:40:49,24-05-2025 23:41:10,21.347s,PASSED
"DATA BINDING - {""password"":""123456"",""meta_title"":""abc"",""(Default) searc..."":"""",""(Default) meta_..."":"""",""message"":""Please fill out this field."",""email"":""admin@example.com"",""(Default) name"":""""}",,,,,,,
"openBrowser(""https://cms.anhtester.com/login"")",Chrome 136.0.7103.114,,,24-05-2025 23:40:49,24-05-2025 23:40:51,2.331s,PASSED
"setText(findTestObject(""Brand/input_email""), email)",Chrome 136.0.7103.114,,,24-05-2025 23:40:51,24-05-2025 23:40:52,0.813s,PASSED
"setText(findTestObject(""Brand/input_password""), password)",Chrome 136.0.7103.114,,,24-05-2025 23:40:52,24-05-2025 23:40:52,0.540s,PASSED
"click(findTestObject(""Brand/check""))",Chrome 136.0.7103.114,,,24-05-2025 23:40:52,24-05-2025 23:40:53,0.330s,PASSED
"click(findTestObject(""Brand/button_Login""))",Chrome 136.0.7103.114,,,24-05-2025 23:40:53,24-05-2025 23:40:53,0.294s,PASSED
delay(3),Chrome 136.0.7103.114,,,24-05-2025 23:40:53,24-05-2025 23:40:56,3.009s,PASSED
"click(findTestObject(""Brand/menu""))",Chrome 136.0.7103.114,,,24-05-2025 23:40:56,24-05-2025 23:40:56,0.300s,PASSED
"click(findTestObject(""Brand/span_Products""))",Chrome 136.0.7103.114,,,24-05-2025 23:40:56,24-05-2025 23:40:57,0.325s,PASSED
"click(findTestObject(""Brand/span_Brand""))",Chrome 136.0.7103.114,,,24-05-2025 23:40:57,24-05-2025 23:40:57,0.757s,PASSED
"setText(findTestObject(""Brand/input_name""), name)",Chrome 136.0.7103.114,,,24-05-2025 23:40:57,24-05-2025 23:40:59,1.307s,PASSED
"setText(findTestObject(""Brand/input_meta_title""), meta_title)",Chrome 136.0.7103.114,,,24-05-2025 23:40:59,24-05-2025 23:40:59,0.561s,PASSED
"setText(findTestObject(""Brand/textarea_description""), meta_description)",Chrome 136.0.7103.114,,,24-05-2025 23:40:59,24-05-2025 23:41:00,0.639s,PASSED
"click(findTestObject(""Brand/button_Save""))",Chrome 136.0.7103.114,,,24-05-2025 23:41:00,24-05-2025 23:41:00,0.353s,PASSED
"if (name == """")",Chrome 136.0.7103.114,,,24-05-2025 23:41:00,24-05-2025 23:41:00,0.140s,PASSED
delay(3),Chrome 136.0.7103.114,,,24-05-2025 23:41:00,24-05-2025 23:41:03,3.006s,PASSED
"setText(findTestObject(""Brand/input_Brands_search""), search)",Chrome 136.0.7103.114,,,24-05-2025 23:41:03,24-05-2025 23:41:04,0.588s,PASSED
"sendKeys(findTestObject(""Brand/input_Brands_search""), Keys.chord(ENTER))",Chrome 136.0.7103.114,,,24-05-2025 23:41:04,24-05-2025 23:41:05,0.673s,PASSED
delay(5),Chrome 136.0.7103.114,,,24-05-2025 23:41:05,24-05-2025 23:41:10,5.009s,PASSED
closeBrowser(),Chrome 136.0.7103.114,,,24-05-2025 23:41:10,24-05-2025 23:41:10,0.346s,PASSED
,,,,,,,
Test Cases/Brand,Chrome 136.0.7103.114,,,24-05-2025 23:41:10,24-05-2025 23:41:32,21.872s,PASSED
"DATA BINDING - {""password"":""123456"",""(Default) searc..."":"""",""(Default) meta_..."":"""",""message"":""Please fill out this field."",""meta_descriptio..."":""abc"",""email"":""admin@example.com"",""(Default) name"":""""}",,,,,,,
"openBrowser(""https://cms.anhtester.com/login"")",Chrome 136.0.7103.114,,,24-05-2025 23:41:10,24-05-2025 23:41:12,2.336s,PASSED
"setText(findTestObject(""Brand/input_email""), email)",Chrome 136.0.7103.114,,,24-05-2025 23:41:12,24-05-2025 23:41:13,0.735s,PASSED
"setText(findTestObject(""Brand/input_password""), password)",Chrome 136.0.7103.114,,,24-05-2025 23:41:13,24-05-2025 23:41:14,0.573s,PASSED
"click(findTestObject(""Brand/check""))",Chrome 136.0.7103.114,,,24-05-2025 23:41:14,24-05-2025 23:41:14,0.297s,PASSED
"click(findTestObject(""Brand/button_Login""))",Chrome 136.0.7103.114,,,24-05-2025 23:41:14,24-05-2025 23:41:15,1.319s,PASSED
delay(3),Chrome 136.0.7103.114,,,24-05-2025 23:41:15,24-05-2025 23:41:18,3.007s,PASSED
"click(findTestObject(""Brand/menu""))",Chrome 136.0.7103.114,,,24-05-2025 23:41:18,24-05-2025 23:41:19,0.313s,PASSED
"click(findTestObject(""Brand/span_Products""))",Chrome 136.0.7103.114,,,24-05-2025 23:41:19,24-05-2025 23:41:19,0.306s,PASSED
"click(findTestObject(""Brand/span_Brand""))",Chrome 136.0.7103.114,,,24-05-2025 23:41:19,24-05-2025 23:41:20,0.687s,PASSED
"setText(findTestObject(""Brand/input_name""), name)",Chrome 136.0.7103.114,,,24-05-2025 23:41:20,24-05-2025 23:41:21,1.178s,PASSED
"setText(findTestObject(""Brand/input_meta_title""), meta_title)",Chrome 136.0.7103.114,,,24-05-2025 23:41:21,24-05-2025 23:41:21,0.563s,PASSED
"setText(findTestObject(""Brand/textarea_description""), meta_description)",Chrome 136.0.7103.114,,,24-05-2025 23:41:21,24-05-2025 23:41:22,0.612s,PASSED
"click(findTestObject(""Brand/button_Save""))",Chrome 136.0.7103.114,,,24-05-2025 23:41:22,24-05-2025 23:41:22,0.350s,PASSED
"if (name == """")",Chrome 136.0.7103.114,,,24-05-2025 23:41:22,24-05-2025 23:41:22,0.047s,PASSED
delay(3),Chrome 136.0.7103.114,,,24-05-2025 23:41:22,24-05-2025 23:41:25,3.018s,PASSED
"setText(findTestObject(""Brand/input_Brands_search""), search)",Chrome 136.0.7103.114,,,24-05-2025 23:41:25,24-05-2025 23:41:26,0.606s,PASSED
"sendKeys(findTestObject(""Brand/input_Brands_search""), Keys.chord(ENTER))",Chrome 136.0.7103.114,,,24-05-2025 23:41:26,24-05-2025 23:41:27,0.599s,PASSED
delay(5),Chrome 136.0.7103.114,,,24-05-2025 23:41:27,24-05-2025 23:41:32,5.017s,PASSED
closeBrowser(),Chrome 136.0.7103.114,,,24-05-2025 23:41:32,24-05-2025 23:41:32,0.284s,PASSED
,,,,,,,
Test Cases/Brand,Chrome 136.0.7103.114,,,24-05-2025 23:41:32,24-05-2025 23:41:53,20.800s,PASSED
"DATA BINDING - {""password"":""123456"",""meta_title"":""abc"",""(Default) searc..."":"""",""message"":""Please fill out this field."",""meta_descriptio..."":""abc"",""email"":""admin@example.com"",""(Default) name"":""""}",,,,,,,
"openBrowser(""https://cms.anhtester.com/login"")",Chrome 136.0.7103.114,,,24-05-2025 23:41:32,24-05-2025 23:41:34,2.180s,PASSED
"setText(findTestObject(""Brand/input_email""), email)",Chrome 136.0.7103.114,,,24-05-2025 23:41:34,24-05-2025 23:41:35,0.824s,PASSED
"setText(findTestObject(""Brand/input_password""), password)",Chrome 136.0.7103.114,,,24-05-2025 23:41:35,24-05-2025 23:41:36,0.549s,PASSED
"click(findTestObject(""Brand/check""))",Chrome 136.0.7103.114,,,24-05-2025 23:41:36,24-05-2025 23:41:36,0.310s,PASSED
"click(findTestObject(""Brand/button_Login""))",Chrome 136.0.7103.114,,,24-05-2025 23:41:36,24-05-2025 23:41:36,0.302s,PASSED
delay(3),Chrome 136.0.7103.114,,,24-05-2025 23:41:36,24-05-2025 23:41:39,3.008s,PASSED
"click(findTestObject(""Brand/menu""))",Chrome 136.0.7103.114,,,24-05-2025 23:41:39,24-05-2025 23:41:39,0.288s,PASSED
"click(findTestObject(""Brand/span_Products""))",Chrome 136.0.7103.114,,,24-05-2025 23:41:39,24-05-2025 23:41:40,0.352s,PASSED
"click(findTestObject(""Brand/span_Brand""))",Chrome 136.0.7103.114,,,24-05-2025 23:41:40,24-05-2025 23:41:41,0.741s,PASSED
"setText(findTestObject(""Brand/input_name""), name)",Chrome 136.0.7103.114,,,24-05-2025 23:41:41,24-05-2025 23:41:42,1.167s,PASSED
"setText(findTestObject(""Brand/input_meta_title""), meta_title)",Chrome 136.0.7103.114,,,24-05-2025 23:41:42,24-05-2025 23:41:42,0.563s,PASSED
"setText(findTestObject(""Brand/textarea_description""), meta_description)",Chrome 136.0.7103.114,,,24-05-2025 23:41:42,24-05-2025 23:41:43,0.558s,PASSED
"click(findTestObject(""Brand/button_Save""))",Chrome 136.0.7103.114,,,24-05-2025 23:41:43,24-05-2025 23:41:43,0.318s,PASSED
"if (name == """")",Chrome 136.0.7103.114,,,24-05-2025 23:41:43,24-05-2025 23:41:43,0.030s,PASSED
delay(3),Chrome 136.0.7103.114,,,24-05-2025 23:41:43,24-05-2025 23:41:46,3.008s,PASSED
"setText(findTestObject(""Brand/input_Brands_search""), search)",Chrome 136.0.7103.114,,,24-05-2025 23:41:46,24-05-2025 23:41:47,0.623s,PASSED
"sendKeys(findTestObject(""Brand/input_Brands_search""), Keys.chord(ENTER))",Chrome 136.0.7103.114,,,24-05-2025 23:41:47,24-05-2025 23:41:48,0.733s,PASSED
delay(5),Chrome 136.0.7103.114,,,24-05-2025 23:41:48,24-05-2025 23:41:53,5.011s,PASSED
closeBrowser(),Chrome 136.0.7103.114,,,24-05-2025 23:41:53,24-05-2025 23:41:53,0.208s,PASSED
,,,,,,,
Test Cases/Brand,Chrome 136.0.7103.114,,,24-05-2025 23:41:53,24-05-2025 23:42:15,22.153s,PASSED
"DATA BINDING - {""password"":""123456"",""(Default) searc..."":"""",""(Default) meta_..."":"""",""message"":""Please fill out this field."",""email"":""admin@example.com"",""(Default) name"":""""}",,,,,,,
"openBrowser(""https://cms.anhtester.com/login"")",Chrome 136.0.7103.114,,,24-05-2025 23:41:53,24-05-2025 23:41:55,2.385s,PASSED
"setText(findTestObject(""Brand/input_email""), email)",Chrome 136.0.7103.114,,,24-05-2025 23:41:55,24-05-2025 23:41:56,0.793s,PASSED
"setText(findTestObject(""Brand/input_password""), password)",Chrome 136.0.7103.114,,,24-05-2025 23:41:56,24-05-2025 23:41:57,0.546s,PASSED
"click(findTestObject(""Brand/check""))",Chrome 136.0.7103.114,,,24-05-2025 23:41:57,24-05-2025 23:41:57,0.316s,PASSED
"click(findTestObject(""Brand/button_Login""))",Chrome 136.0.7103.114,,,24-05-2025 23:41:57,24-05-2025 23:41:58,1.232s,PASSED
delay(3),Chrome 136.0.7103.114,,,24-05-2025 23:41:58,24-05-2025 23:42:01,3.003s,PASSED
"click(findTestObject(""Brand/menu""))",Chrome 136.0.7103.114,,,24-05-2025 23:42:01,24-05-2025 23:42:01,0.330s,PASSED
"click(findTestObject(""Brand/span_Products""))",Chrome 136.0.7103.114,,,24-05-2025 23:42:01,24-05-2025 23:42:02,0.335s,PASSED
"click(findTestObject(""Brand/span_Brand""))",Chrome 136.0.7103.114,,,24-05-2025 23:42:02,24-05-2025 23:42:02,0.755s,PASSED
"setText(findTestObject(""Brand/input_name""), name)",Chrome 136.0.7103.114,,,24-05-2025 23:42:02,24-05-2025 23:42:04,1.261s,PASSED
"setText(findTestObject(""Brand/input_meta_title""), meta_title)",Chrome 136.0.7103.114,,,24-05-2025 23:42:04,24-05-2025 23:42:04,0.543s,PASSED
"setText(findTestObject(""Brand/textarea_description""), meta_description)",Chrome 136.0.7103.114,,,24-05-2025 23:42:04,24-05-2025 23:42:05,0.593s,PASSED
"click(findTestObject(""Brand/button_Save""))",Chrome 136.0.7103.114,,,24-05-2025 23:42:05,24-05-2025 23:42:05,0.308s,PASSED
"if (name == """")",Chrome 136.0.7103.114,,,24-05-2025 23:42:05,24-05-2025 23:42:05,0.026s,PASSED
delay(3),Chrome 136.0.7103.114,,,24-05-2025 23:42:05,24-05-2025 23:42:08,3.011s,PASSED
"setText(findTestObject(""Brand/input_Brands_search""), search)",Chrome 136.0.7103.114,,,24-05-2025 23:42:08,24-05-2025 23:42:09,0.705s,PASSED
"sendKeys(findTestObject(""Brand/input_Brands_search""), Keys.chord(ENTER))",Chrome 136.0.7103.114,,,24-05-2025 23:42:09,24-05-2025 23:42:10,0.730s,PASSED
delay(5),Chrome 136.0.7103.114,,,24-05-2025 23:42:10,24-05-2025 23:42:15,5.004s,PASSED
closeBrowser(),Chrome 136.0.7103.114,,,24-05-2025 23:42:15,24-05-2025 23:42:15,0.253s,PASSED
