Suite/Test/Step Name,Browser,Description,Tag,Start time,End time,Duration,Status
testsuite,Chrome 136.0.7103.114,,,17-05-2025 16:59:06,17-05-2025 17:00:03,56.330s,PASSED
,,,,,,,
Test Cases/Login,Chrome 136.0.7103.114,,,17-05-2025 16:59:07,17-05-2025 16:59:26,18.931s,PASSED
"DATA BINDING - {""expected_msg"":""Admin Example"",""password"":""123456"",""username"":""admin@example.com""}",,,,,,,
"openBrowser(""https://cms.anhtester.com/login"")",Chrome 136.0.7103.114,,,17-05-2025 16:59:08,17-05-2025 16:59:14,5.639s,PASSED
maximizeWindow(),Chrome 136.0.7103.114,,,17-05-2025 16:59:14,17-05-2025 16:59:14,0.279s,PASSED
"setText(findTestObject(""Page_Active eCommerce CMS  Anh Tester Demo/input_Welcome to Active eCommerce CMS_email""), username)",Chrome 136.0.7103.114,,,17-05-2025 16:59:14,17-05-2025 16:59:16,1.758s,PASSED
"setText(findTestObject(""Page_Active eCommerce CMS  Anh Tester Demo/input_Welcome to Active eCommerce CMS_password""), password)",Chrome 136.0.7103.114,,,17-05-2025 16:59:16,17-05-2025 16:59:17,0.840s,PASSED
"click(findTestObject(""Page_Active eCommerce CMS  Anh Tester Demo/span_Remember Me""))",Chrome 136.0.7103.114,,,17-05-2025 16:59:17,17-05-2025 16:59:17,0.379s,PASSED
"click(findTestObject(""Page_Active eCommerce CMS  Anh Tester Demo/button_Login""))",Chrome 136.0.7103.114,,,17-05-2025 16:59:17,17-05-2025 16:59:18,1.452s,PASSED
delay(2),Chrome 136.0.7103.114,,,17-05-2025 16:59:18,17-05-2025 16:59:20,2.050s,PASSED
"if (username == """")",Chrome 136.0.7103.114,,,17-05-2025 16:59:20,17-05-2025 16:59:20,0.002s,PASSED
"else if (password == """")",Chrome 136.0.7103.114,,,17-05-2025 16:59:20,17-05-2025 16:59:20,0.001s,PASSED
else,Chrome 136.0.7103.114,,,17-05-2025 16:59:20,17-05-2025 16:59:23,2.917s,PASSED
closeBrowser(),Chrome 136.0.7103.114,,,17-05-2025 16:59:23,17-05-2025 16:59:26,2.831s,PASSED
,,,,,,,
Test Cases/Login,Chrome 136.0.7103.114,,,17-05-2025 16:59:26,17-05-2025 16:59:38,11.559s,PASSED
"DATA BINDING - {""expected_msg"":""Invalid login credentials"",""password"":""123"",""username"":""admin@example.com""}",,,,,,,
"openBrowser(""https://cms.anhtester.com/login"")",Chrome 136.0.7103.114,,,17-05-2025 16:59:26,17-05-2025 16:59:30,3.909s,PASSED
maximizeWindow(),Chrome 136.0.7103.114,,,17-05-2025 16:59:30,17-05-2025 16:59:30,0.108s,PASSED
"setText(findTestObject(""Page_Active eCommerce CMS  Anh Tester Demo/input_Welcome to Active eCommerce CMS_email""), username)",Chrome 136.0.7103.114,,,17-05-2025 16:59:30,17-05-2025 16:59:31,0.812s,PASSED
"setText(findTestObject(""Page_Active eCommerce CMS  Anh Tester Demo/input_Welcome to Active eCommerce CMS_password""), password)",Chrome 136.0.7103.114,,,17-05-2025 16:59:31,17-05-2025 16:59:32,0.717s,PASSED
"click(findTestObject(""Page_Active eCommerce CMS  Anh Tester Demo/span_Remember Me""))",Chrome 136.0.7103.114,,,17-05-2025 16:59:32,17-05-2025 16:59:32,0.374s,PASSED
"click(findTestObject(""Page_Active eCommerce CMS  Anh Tester Demo/button_Login""))",Chrome 136.0.7103.114,,,17-05-2025 16:59:32,17-05-2025 16:59:33,0.853s,PASSED
delay(2),Chrome 136.0.7103.114,,,17-05-2025 16:59:33,17-05-2025 16:59:35,2.009s,PASSED
"if (username == """")",Chrome 136.0.7103.114,,,17-05-2025 16:59:35,17-05-2025 16:59:35,0.001s,PASSED
"else if (password == """")",Chrome 136.0.7103.114,,,17-05-2025 16:59:35,17-05-2025 16:59:35,0.000s,PASSED
else,Chrome 136.0.7103.114,,,17-05-2025 16:59:35,17-05-2025 16:59:37,2.300s,PASSED
closeBrowser(),Chrome 136.0.7103.114,,,17-05-2025 16:59:37,17-05-2025 16:59:38,0.427s,PASSED
,,,,,,,
Test Cases/Login,Chrome 136.0.7103.114,,,17-05-2025 16:59:38,17-05-2025 16:59:48,10.189s,PASSED
"DATA BINDING - {""expected_msg"":""Invalid login credentials"",""password"":""123456"",""username"":""test@example.com""}",,,,,,,
"openBrowser(""https://cms.anhtester.com/login"")",Chrome 136.0.7103.114,,,17-05-2025 16:59:38,17-05-2025 16:59:41,2.971s,PASSED
maximizeWindow(),Chrome 136.0.7103.114,,,17-05-2025 16:59:41,17-05-2025 16:59:41,0.208s,PASSED
"setText(findTestObject(""Page_Active eCommerce CMS  Anh Tester Demo/input_Welcome to Active eCommerce CMS_email""), username)",Chrome 136.0.7103.114,,,17-05-2025 16:59:41,17-05-2025 16:59:42,0.638s,PASSED
"setText(findTestObject(""Page_Active eCommerce CMS  Anh Tester Demo/input_Welcome to Active eCommerce CMS_password""), password)",Chrome 136.0.7103.114,,,17-05-2025 16:59:42,17-05-2025 16:59:42,0.691s,PASSED
"click(findTestObject(""Page_Active eCommerce CMS  Anh Tester Demo/span_Remember Me""))",Chrome 136.0.7103.114,,,17-05-2025 16:59:42,17-05-2025 16:59:43,0.356s,PASSED
"click(findTestObject(""Page_Active eCommerce CMS  Anh Tester Demo/button_Login""))",Chrome 136.0.7103.114,,,17-05-2025 16:59:43,17-05-2025 16:59:44,0.747s,PASSED
delay(2),Chrome 136.0.7103.114,,,17-05-2025 16:59:44,17-05-2025 16:59:46,2.010s,PASSED
"if (username == """")",Chrome 136.0.7103.114,,,17-05-2025 16:59:46,17-05-2025 16:59:46,0.000s,PASSED
"else if (password == """")",Chrome 136.0.7103.114,,,17-05-2025 16:59:46,17-05-2025 16:59:46,0.000s,PASSED
else,Chrome 136.0.7103.114,,,17-05-2025 16:59:46,17-05-2025 16:59:48,2.294s,PASSED
closeBrowser(),Chrome 136.0.7103.114,,,17-05-2025 16:59:48,17-05-2025 16:59:48,0.241s,PASSED
,,,,,,,
Test Cases/Login,Chrome 136.0.7103.114,,,17-05-2025 16:59:48,17-05-2025 16:59:55,7.248s,PASSED
"DATA BINDING - {""(Default) usern..."":"""",""expected_msg"":""Please fill out this field"",""password"":""123456""}",,,,,,,
"openBrowser(""https://cms.anhtester.com/login"")",Chrome 136.0.7103.114,,,17-05-2025 16:59:48,17-05-2025 16:59:51,2.383s,PASSED
maximizeWindow(),Chrome 136.0.7103.114,,,17-05-2025 16:59:51,17-05-2025 16:59:51,0.078s,PASSED
"setText(findTestObject(""Page_Active eCommerce CMS  Anh Tester Demo/input_Welcome to Active eCommerce CMS_email""), username)",Chrome 136.0.7103.114,,,17-05-2025 16:59:51,17-05-2025 16:59:51,0.768s,PASSED
"setText(findTestObject(""Page_Active eCommerce CMS  Anh Tester Demo/input_Welcome to Active eCommerce CMS_password""), password)",Chrome 136.0.7103.114,,,17-05-2025 16:59:51,17-05-2025 16:59:52,0.607s,PASSED
"click(findTestObject(""Page_Active eCommerce CMS  Anh Tester Demo/span_Remember Me""))",Chrome 136.0.7103.114,,,17-05-2025 16:59:52,17-05-2025 16:59:52,0.329s,PASSED
"click(findTestObject(""Page_Active eCommerce CMS  Anh Tester Demo/button_Login""))",Chrome 136.0.7103.114,,,17-05-2025 16:59:52,17-05-2025 16:59:53,0.351s,PASSED
delay(2),Chrome 136.0.7103.114,,,17-05-2025 16:59:53,17-05-2025 16:59:55,2.047s,PASSED
"if (username == """")",Chrome 136.0.7103.114,,,17-05-2025 16:59:55,17-05-2025 16:59:55,0.247s,PASSED
closeBrowser(),Chrome 136.0.7103.114,,,17-05-2025 16:59:55,17-05-2025 16:59:55,0.385s,PASSED
,,,,,,,
Test Cases/Login,Chrome 136.0.7103.114,,,17-05-2025 16:59:55,17-05-2025 17:00:02,7.108s,PASSED
"DATA BINDING - {""expected_msg"":""Please fill out this field"",""(Default) passw..."":"""",""username"":""admin@example.com""}",,,,,,,
"openBrowser(""https://cms.anhtester.com/login"")",Chrome 136.0.7103.114,,,17-05-2025 16:59:55,17-05-2025 16:59:58,2.310s,PASSED
maximizeWindow(),Chrome 136.0.7103.114,,,17-05-2025 16:59:58,17-05-2025 16:59:58,0.102s,PASSED
"setText(findTestObject(""Page_Active eCommerce CMS  Anh Tester Demo/input_Welcome to Active eCommerce CMS_email""), username)",Chrome 136.0.7103.114,,,17-05-2025 16:59:58,17-05-2025 16:59:59,0.734s,PASSED
"setText(findTestObject(""Page_Active eCommerce CMS  Anh Tester Demo/input_Welcome to Active eCommerce CMS_password""), password)",Chrome 136.0.7103.114,,,17-05-2025 16:59:59,17-05-2025 16:59:59,0.621s,PASSED
"click(findTestObject(""Page_Active eCommerce CMS  Anh Tester Demo/span_Remember Me""))",Chrome 136.0.7103.114,,,17-05-2025 16:59:59,17-05-2025 17:00:00,0.407s,PASSED
"click(findTestObject(""Page_Active eCommerce CMS  Anh Tester Demo/button_Login""))",Chrome 136.0.7103.114,,,17-05-2025 17:00:00,17-05-2025 17:00:00,0.448s,PASSED
delay(2),Chrome 136.0.7103.114,,,17-05-2025 17:00:00,17-05-2025 17:00:02,2.019s,PASSED
"if (username == """")",Chrome 136.0.7103.114,,,17-05-2025 17:00:02,17-05-2025 17:00:02,0.007s,PASSED
"else if (password == """")",Chrome 136.0.7103.114,,,17-05-2025 17:00:02,17-05-2025 17:00:02,0.071s,PASSED
closeBrowser(),Chrome 136.0.7103.114,,,17-05-2025 17:00:02,17-05-2025 17:00:02,0.351s,PASSED
