Suite/Test/Step Name,Browser,Description,Tag,Start time,End time,Duration,Status
Brand,Chrome 136.0.7103.114,,,24-05-2025 23:13:17,24-05-2025 23:15:03,1m - 45.234s,PASSED
,,,,,,,
Test Cases/Brand,Chrome 136.0.7103.114,,,24-05-2025 23:13:18,24-05-2025 23:13:38,20.201s,PASSED
"DATA BINDING - {""password"":""123456"",""search"":""nhan"",""meta_title"":""abc"",""name"":""nhan"",""message"":""Brand has been inserted successfully"",""meta_descriptio..."":""abc"",""email"":""admin@example.com""}",,,,,,,
"openBrowser(""https://cms.anhtester.com/login"")",Chrome 136.0.7103.114,,,24-05-2025 23:13:18,24-05-2025 23:13:20,2.150s,PASSED
"setText(findTestObject(""Brand/input_email""), email)",Chrome 136.0.7103.114,,,24-05-2025 23:13:20,24-05-2025 23:13:21,0.583s,PASSED
"setText(findTestObject(""Brand/input_password""), password)",Chrome 136.0.7103.114,,,24-05-2025 23:13:21,24-05-2025 23:13:21,0.520s,PASSED
"click(findTestObject(""Brand/check""))",Chrome 136.0.7103.114,,,24-05-2025 23:13:21,24-05-2025 23:13:22,0.273s,PASSED
"click(findTestObject(""Brand/button_Login""))",Chrome 136.0.7103.114,,,24-05-2025 23:13:22,24-05-2025 23:13:22,0.273s,PASSED
delay(3),Chrome 136.0.7103.114,,,24-05-2025 23:13:22,24-05-2025 23:13:25,3.024s,PASSED
"click(findTestObject(""Brand/menu""))",Chrome 136.0.7103.114,,,24-05-2025 23:13:25,24-05-2025 23:13:25,0.278s,PASSED
"click(findTestObject(""Brand/span_Products""))",Chrome 136.0.7103.114,,,24-05-2025 23:13:25,24-05-2025 23:13:26,0.280s,PASSED
"click(findTestObject(""Brand/span_Brand""))",Chrome 136.0.7103.114,,,24-05-2025 23:13:26,24-05-2025 23:13:26,0.587s,PASSED
"setText(findTestObject(""Brand/input_name""), name)",Chrome 136.0.7103.114,,,24-05-2025 23:13:26,24-05-2025 23:13:27,1.139s,PASSED
"setText(findTestObject(""Brand/input_meta_title""), meta_title)",Chrome 136.0.7103.114,,,24-05-2025 23:13:27,24-05-2025 23:13:28,0.534s,PASSED
"setText(findTestObject(""Brand/textarea_description""), meta_description)",Chrome 136.0.7103.114,,,24-05-2025 23:13:28,24-05-2025 23:13:28,0.532s,PASSED
"click(findTestObject(""Brand/button_Save""))",Chrome 136.0.7103.114,,,24-05-2025 23:13:28,24-05-2025 23:13:29,0.587s,PASSED
"if (name == """")",Chrome 136.0.7103.114,,,24-05-2025 23:13:29,24-05-2025 23:13:29,0.000s,PASSED
delay(3),Chrome 136.0.7103.114,,,24-05-2025 23:13:29,24-05-2025 23:13:32,3.013s,PASSED
"setText(findTestObject(""Brand/input_Brands_search""), search)",Chrome 136.0.7103.114,,,24-05-2025 23:13:32,24-05-2025 23:13:32,0.493s,PASSED
"sendKeys(findTestObject(""Brand/input_Brands_search""), Keys.chord(ENTER))",Chrome 136.0.7103.114,,,24-05-2025 23:13:32,24-05-2025 23:13:33,0.490s,PASSED
delay(5),Chrome 136.0.7103.114,,,24-05-2025 23:13:33,24-05-2025 23:13:38,5.003s,PASSED
closeBrowser(),Chrome 136.0.7103.114,,,24-05-2025 23:13:38,24-05-2025 23:13:38,0.124s,PASSED
,,,,,,,
Test Cases/Brand,Chrome 136.0.7103.114,,,24-05-2025 23:13:38,24-05-2025 23:13:57,19.191s,PASSED
"DATA BINDING - {""password"":""123456"",""search"":""diuanh"",""name"":""diuanh"",""(Default) meta_..."":"""",""message"":""Brand has been inserted successfully"",""email"":""admin@example.com""}",,,,,,,
"openBrowser(""https://cms.anhtester.com/login"")",Chrome 136.0.7103.114,,,24-05-2025 23:13:38,24-05-2025 23:13:40,1.441s,PASSED
"setText(findTestObject(""Brand/input_email""), email)",Chrome 136.0.7103.114,,,24-05-2025 23:13:40,24-05-2025 23:13:40,0.543s,PASSED
"setText(findTestObject(""Brand/input_password""), password)",Chrome 136.0.7103.114,,,24-05-2025 23:13:40,24-05-2025 23:13:41,0.511s,PASSED
"click(findTestObject(""Brand/check""))",Chrome 136.0.7103.114,,,24-05-2025 23:13:41,24-05-2025 23:13:41,0.285s,PASSED
"click(findTestObject(""Brand/button_Login""))",Chrome 136.0.7103.114,,,24-05-2025 23:13:41,24-05-2025 23:13:41,0.251s,PASSED
delay(3),Chrome 136.0.7103.114,,,24-05-2025 23:13:41,24-05-2025 23:13:44,3.005s,PASSED
"click(findTestObject(""Brand/menu""))",Chrome 136.0.7103.114,,,24-05-2025 23:13:44,24-05-2025 23:13:44,0.258s,PASSED
"click(findTestObject(""Brand/span_Products""))",Chrome 136.0.7103.114,,,24-05-2025 23:13:44,24-05-2025 23:13:45,0.279s,PASSED
"click(findTestObject(""Brand/span_Brand""))",Chrome 136.0.7103.114,,,24-05-2025 23:13:45,24-05-2025 23:13:45,0.569s,PASSED
"setText(findTestObject(""Brand/input_name""), name)",Chrome 136.0.7103.114,,,24-05-2025 23:13:45,24-05-2025 23:13:46,1.135s,PASSED
"setText(findTestObject(""Brand/input_meta_title""), meta_title)",Chrome 136.0.7103.114,,,24-05-2025 23:13:46,24-05-2025 23:13:47,0.504s,PASSED
"setText(findTestObject(""Brand/textarea_description""), meta_description)",Chrome 136.0.7103.114,,,24-05-2025 23:13:47,24-05-2025 23:13:47,0.491s,PASSED
"click(findTestObject(""Brand/button_Save""))",Chrome 136.0.7103.114,,,24-05-2025 23:13:47,24-05-2025 23:13:48,0.685s,PASSED
"if (name == """")",Chrome 136.0.7103.114,,,24-05-2025 23:13:48,24-05-2025 23:13:48,0.000s,PASSED
delay(3),Chrome 136.0.7103.114,,,24-05-2025 23:13:48,24-05-2025 23:13:51,3.007s,PASSED
"setText(findTestObject(""Brand/input_Brands_search""), search)",Chrome 136.0.7103.114,,,24-05-2025 23:13:51,24-05-2025 23:13:52,0.514s,PASSED
"sendKeys(findTestObject(""Brand/input_Brands_search""), Keys.chord(ENTER))",Chrome 136.0.7103.114,,,24-05-2025 23:13:52,24-05-2025 23:13:52,0.552s,PASSED
delay(5),Chrome 136.0.7103.114,,,24-05-2025 23:13:52,24-05-2025 23:13:57,5.010s,PASSED
closeBrowser(),Chrome 136.0.7103.114,,,24-05-2025 23:13:57,24-05-2025 23:13:57,0.118s,PASSED
,,,,,,,
Test Cases/Brand,Chrome 136.0.7103.114,,,24-05-2025 23:14:05,24-05-2025 23:14:25,20.486s,PASSED
"DATA BINDING - {""password"":""123456"",""meta_title"":""abc"",""(Default) searc..."":"""",""(Default) meta_..."":"""",""message"":""Please fill out this field."",""email"":""admin@example.com"",""(Default) name"":""""}",,,,,,,
"openBrowser(""https://cms.anhtester.com/login"")",Chrome 136.0.7103.114,,,24-05-2025 23:14:05,24-05-2025 23:14:08,3.188s,PASSED
"setText(findTestObject(""Brand/input_email""), email)",Chrome 136.0.7103.114,,,24-05-2025 23:14:08,24-05-2025 23:14:08,0.554s,PASSED
"setText(findTestObject(""Brand/input_password""), password)",Chrome 136.0.7103.114,,,24-05-2025 23:14:08,24-05-2025 23:14:09,0.517s,PASSED
"click(findTestObject(""Brand/check""))",Chrome 136.0.7103.114,,,24-05-2025 23:14:09,24-05-2025 23:14:09,0.261s,PASSED
"click(findTestObject(""Brand/button_Login""))",Chrome 136.0.7103.114,,,24-05-2025 23:14:09,24-05-2025 23:14:09,0.257s,PASSED
delay(3),Chrome 136.0.7103.114,,,24-05-2025 23:14:09,24-05-2025 23:14:12,3.013s,PASSED
"click(findTestObject(""Brand/menu""))",Chrome 136.0.7103.114,,,24-05-2025 23:14:12,24-05-2025 23:14:13,0.270s,PASSED
"click(findTestObject(""Brand/span_Products""))",Chrome 136.0.7103.114,,,24-05-2025 23:14:13,24-05-2025 23:14:13,0.273s,PASSED
"click(findTestObject(""Brand/span_Brand""))",Chrome 136.0.7103.114,,,24-05-2025 23:14:13,24-05-2025 23:14:14,0.588s,PASSED
"setText(findTestObject(""Brand/input_name""), name)",Chrome 136.0.7103.114,,,24-05-2025 23:14:14,24-05-2025 23:14:15,1.116s,PASSED
"setText(findTestObject(""Brand/input_meta_title""), meta_title)",Chrome 136.0.7103.114,,,24-05-2025 23:14:15,24-05-2025 23:14:15,0.496s,PASSED
"setText(findTestObject(""Brand/textarea_description""), meta_description)",Chrome 136.0.7103.114,,,24-05-2025 23:14:15,24-05-2025 23:14:16,0.494s,PASSED
"click(findTestObject(""Brand/button_Save""))",Chrome 136.0.7103.114,,,24-05-2025 23:14:16,24-05-2025 23:14:16,0.265s,PASSED
"if (name == """")",Chrome 136.0.7103.114,,,24-05-2025 23:14:16,24-05-2025 23:14:16,0.034s,PASSED
delay(3),Chrome 136.0.7103.114,,,24-05-2025 23:14:16,24-05-2025 23:14:19,3.005s,PASSED
"setText(findTestObject(""Brand/input_Brands_search""), search)",Chrome 136.0.7103.114,,,24-05-2025 23:14:19,24-05-2025 23:14:19,0.493s,PASSED
"sendKeys(findTestObject(""Brand/input_Brands_search""), Keys.chord(ENTER))",Chrome 136.0.7103.114,,,24-05-2025 23:14:19,24-05-2025 23:14:20,0.492s,PASSED
delay(5),Chrome 136.0.7103.114,,,24-05-2025 23:14:20,24-05-2025 23:14:25,5.017s,PASSED
closeBrowser(),Chrome 136.0.7103.114,,,24-05-2025 23:14:25,24-05-2025 23:14:25,0.135s,PASSED
,,,,,,,
Test Cases/Brand,Chrome 136.0.7103.114,,,24-05-2025 23:14:25,24-05-2025 23:14:44,18.764s,PASSED
"DATA BINDING - {""password"":""123456"",""(Default) searc..."":"""",""(Default) meta_..."":"""",""message"":""Please fill out this field."",""meta_descriptio..."":""abc"",""email"":""admin@example.com"",""(Default) name"":""""}",,,,,,,
"openBrowser(""https://cms.anhtester.com/login"")",Chrome 136.0.7103.114,,,24-05-2025 23:14:25,24-05-2025 23:14:27,1.424s,PASSED
"setText(findTestObject(""Brand/input_email""), email)",Chrome 136.0.7103.114,,,24-05-2025 23:14:27,24-05-2025 23:14:27,0.512s,PASSED
"setText(findTestObject(""Brand/input_password""), password)",Chrome 136.0.7103.114,,,24-05-2025 23:14:27,24-05-2025 23:14:28,0.498s,PASSED
"click(findTestObject(""Brand/check""))",Chrome 136.0.7103.114,,,24-05-2025 23:14:28,24-05-2025 23:14:28,0.268s,PASSED
"click(findTestObject(""Brand/button_Login""))",Chrome 136.0.7103.114,,,24-05-2025 23:14:28,24-05-2025 23:14:28,0.246s,PASSED
delay(3),Chrome 136.0.7103.114,,,24-05-2025 23:14:28,24-05-2025 23:14:31,3.012s,PASSED
"click(findTestObject(""Brand/menu""))",Chrome 136.0.7103.114,,,24-05-2025 23:14:31,24-05-2025 23:14:31,0.276s,PASSED
"click(findTestObject(""Brand/span_Products""))",Chrome 136.0.7103.114,,,24-05-2025 23:14:31,24-05-2025 23:14:32,0.269s,PASSED
"click(findTestObject(""Brand/span_Brand""))",Chrome 136.0.7103.114,,,24-05-2025 23:14:32,24-05-2025 23:14:32,0.567s,PASSED
"setText(findTestObject(""Brand/input_name""), name)",Chrome 136.0.7103.114,,,24-05-2025 23:14:32,24-05-2025 23:14:33,1.153s,PASSED
"setText(findTestObject(""Brand/input_meta_title""), meta_title)",Chrome 136.0.7103.114,,,24-05-2025 23:14:33,24-05-2025 23:14:34,0.519s,PASSED
"setText(findTestObject(""Brand/textarea_description""), meta_description)",Chrome 136.0.7103.114,,,24-05-2025 23:14:34,24-05-2025 23:14:34,0.524s,PASSED
"click(findTestObject(""Brand/button_Save""))",Chrome 136.0.7103.114,,,24-05-2025 23:14:34,24-05-2025 23:14:35,0.280s,PASSED
"if (name == """")",Chrome 136.0.7103.114,,,24-05-2025 23:14:35,24-05-2025 23:14:35,0.018s,PASSED
delay(3),Chrome 136.0.7103.114,,,24-05-2025 23:14:35,24-05-2025 23:14:38,3.005s,PASSED
"setText(findTestObject(""Brand/input_Brands_search""), search)",Chrome 136.0.7103.114,,,24-05-2025 23:14:38,24-05-2025 23:14:38,0.528s,PASSED
"sendKeys(findTestObject(""Brand/input_Brands_search""), Keys.chord(ENTER))",Chrome 136.0.7103.114,,,24-05-2025 23:14:38,24-05-2025 23:14:39,0.517s,PASSED
delay(5),Chrome 136.0.7103.114,,,24-05-2025 23:14:39,24-05-2025 23:14:44,5.004s,PASSED
closeBrowser(),Chrome 136.0.7103.114,,,24-05-2025 23:14:44,24-05-2025 23:14:44,0.123s,PASSED
,,,,,,,
Test Cases/Brand,Chrome 136.0.7103.114,,,24-05-2025 23:14:44,24-05-2025 23:15:03,18.836s,PASSED
"DATA BINDING - {""password"":""123456"",""(Default) searc..."":"""",""(Default) meta_..."":"""",""message"":""Please fill out this field."",""email"":""admin@example.com"",""(Default) name"":""""}",,,,,,,
"openBrowser(""https://cms.anhtester.com/login"")",Chrome 136.0.7103.114,,,24-05-2025 23:14:44,24-05-2025 23:14:45,1.486s,PASSED
"setText(findTestObject(""Brand/input_email""), email)",Chrome 136.0.7103.114,,,24-05-2025 23:14:45,24-05-2025 23:14:46,0.528s,PASSED
"setText(findTestObject(""Brand/input_password""), password)",Chrome 136.0.7103.114,,,24-05-2025 23:14:46,24-05-2025 23:14:46,0.509s,PASSED
"click(findTestObject(""Brand/check""))",Chrome 136.0.7103.114,,,24-05-2025 23:14:46,24-05-2025 23:14:47,0.270s,PASSED
"click(findTestObject(""Brand/button_Login""))",Chrome 136.0.7103.114,,,24-05-2025 23:14:47,24-05-2025 23:14:47,0.248s,PASSED
delay(3),Chrome 136.0.7103.114,,,24-05-2025 23:14:47,24-05-2025 23:14:50,3.012s,PASSED
"click(findTestObject(""Brand/menu""))",Chrome 136.0.7103.114,,,24-05-2025 23:14:50,24-05-2025 23:14:50,0.268s,PASSED
"click(findTestObject(""Brand/span_Products""))",Chrome 136.0.7103.114,,,24-05-2025 23:14:50,24-05-2025 23:14:50,0.267s,PASSED
"click(findTestObject(""Brand/span_Brand""))",Chrome 136.0.7103.114,,,24-05-2025 23:14:50,24-05-2025 23:14:51,0.618s,PASSED
"setText(findTestObject(""Brand/input_name""), name)",Chrome 136.0.7103.114,,,24-05-2025 23:14:51,24-05-2025 23:14:52,1.137s,PASSED
"setText(findTestObject(""Brand/input_meta_title""), meta_title)",Chrome 136.0.7103.114,,,24-05-2025 23:14:52,24-05-2025 23:14:53,0.483s,PASSED
"setText(findTestObject(""Brand/textarea_description""), meta_description)",Chrome 136.0.7103.114,,,24-05-2025 23:14:53,24-05-2025 23:14:53,0.495s,PASSED
"click(findTestObject(""Brand/button_Save""))",Chrome 136.0.7103.114,,,24-05-2025 23:14:53,24-05-2025 23:14:53,0.273s,PASSED
"if (name == """")",Chrome 136.0.7103.114,,,24-05-2025 23:14:53,24-05-2025 23:14:53,0.011s,PASSED
delay(3),Chrome 136.0.7103.114,,,24-05-2025 23:14:53,24-05-2025 23:14:56,3.010s,PASSED
"setText(findTestObject(""Brand/input_Brands_search""), search)",Chrome 136.0.7103.114,,,24-05-2025 23:14:56,24-05-2025 23:14:57,0.516s,PASSED
"sendKeys(findTestObject(""Brand/input_Brands_search""), Keys.chord(ENTER))",Chrome 136.0.7103.114,,,24-05-2025 23:14:57,24-05-2025 23:14:58,0.537s,PASSED
delay(5),Chrome 136.0.7103.114,,,24-05-2025 23:14:58,24-05-2025 23:15:03,5.012s,PASSED
closeBrowser(),Chrome 136.0.7103.114,,,24-05-2025 23:15:03,24-05-2025 23:15:03,0.141s,PASSED
